Pokemon,tiers,Percent_Usage,Tier_Score
Landorus-Therian,ou,37.116,5.0
Dragapult,ou,20.131,4.542380641943353
Ferrothorn,ou,19.378,4.522092889047258
Garchomp,ou,19.133,4.515491939812967
Heatran,ou,19.048,4.513201847079731
Clefable,ou,18.684,4.5033947474633695
Toxapex,ou,18.488,4.498114029187017
Rillaboom,ou,18.413,4.496093316808049
Corviknight,ou,15.887,4.428036415578345
Magearna,ou,14.856,4.400258634945631
Cinderace,ou,14.219,4.383096223464211
Slowbro,ou,12.541,4.337886625301382
Tapu Koko,ou,12.313,4.331743704891509
Mandibuzz,ou,12.046,4.324550036655667
Kartana,ou,11.983,4.3228526629239825
Zapdos,ou,11.966,4.322394634099565
Tornadus-Therian,ou,10.213,4.2751643492521945
Tapu Lele,ou,9.983,4.268967547632583
Blissey,ou,9.908,4.26694686094804
Slowking-Galar,ou,9.811,4.264333429567521
Tapu Fini,ou,8.982,4.241998062229226
Hydreigon,ou,8.954,4.241243673904033
Excadrill,ou,8.401,4.226344427398192
Urshifu-Rapid-Strike,ou,8.349,4.224943413167283
Melmetal,ou,8.108,4.218450252046895
Volcarona,ou,8.026,4.216240968281054
Tyranitar,ou,8.006,4.215702104794816
Hippowdon,ou,7.618,4.205248404967164
Kyurem,ou,7.617,4.205221464362294
Swampert,ou,7.29,4.196411244209376
Dragonite,ou,6.556,4.1766354141946485
Slowking,ou,6.226,4.167744359379909
Pelipper,ou,6.096,4.1642418366498495
Nidoking,ou,6.045,4.162867763023811
Regieleki,ou,5.946,4.160200450433552
Hawlucha,ou,5.49,4.147914635308231
Skarmory,ou,5.321,4.14336135190499
Spectrier,ou,5.304,4.1429033230805725
Magnezone,ou,5.104,4.1375148166903175
Zeraora,ou,4.966,4.133796743426878
Bisharp,ou,4.776,4.128677655932529
Zapdos-Galar,ou,4.35,4.1172001231893525
Weavile,ou,4.305,4.115987706039742
Latios,ou,4.065,4.109521498371436
Moltres,ou,4.049,4.109090410151888
Crawdaunt,ou,4.018,4.108255200012087
Barraskewda,ou,3.949,4.106396156956761
Aegislash,ou,3.345,4.090122856095699
Tangrowth,ou,3.274,4.088209931830634
Mew,ou,3.259,4.087805797063169
Victini,ou,3.15,4.084869059153397
Buzzwole,ou,2.852,4.076840174354148
Urshifu,ou,2.825,4.0761127266338235
Azumarill,ou,2.64,4.071128355011035
Blaziken,ou,2.632,4.070912810901261
Scizor,ou,2.531,4.068191610677657
Reuniclus,ou,2.408,4.06487767860529
Mamoswine,ou,2.399,4.064635193890647
Ninetales-Alola,ou,2.27,4.06115960534185
Dracozolt,ou,2.252,4.06067464233617
Seismitoad,ou,2.25,4.060620754702825
Blacephalon,ou,2.034,4.054801160093022
Cloyster,ou,2.019,4.054397025325556
Gastrodon,ou,1.873,4.050463411164145
Kommo-o,ou,1.849,4.049816788470233
Chansey,ou,1.811,4.048792971613724
Obstagoon,ou,1.786,4.0481194083149425
Gengar,ou,1.734,4.046718394084033
Jirachi,ou,1.659,4.044697704187688
Quagsire,ou,1.605,4.043242805535237
Togekiss,ou,1.571,4.042326757521812
Rotom-Wash,ou,1.54,4.041491537746601
Keldeo,ou,1.518,4.0408988026860335
Latias,ou,1.491,4.04017135496571
Thundurus-Therian,ou,1.474,4.039713329353096
Celesteela,ou,1.369,4.036884360286408
Torkoal,ou,1.362,4.036695763205111
Suicune,ou,1.352,4.036426337885597
Ditto,ou,1.244,4.033516540580696
Hatterene,ou,1.237,4.033327943499398
Moltres-Galar,ou,1.225,4.033004633758343
Diggersby,ou,1.212,4.032654380200616
Amoonguss,ou,1.198,4.032277182826216
Krookodile,ou,1.107,4.029825411133929
Zarude,ou,1.105,4.029771526712387
Kingdra,ou,1.074,4.028936306937176
Grimmsnarl,ou,0.999,4.026915615434929
Tapu Bulu,ou,0.994,4.026780902775172
Marowak-Alola,ou,0.976,4.026295936557689
Shuckle,ou,0.945,4.0254607167824785
Rhyperior,ou,0.937,4.025245175884508
Salamence,ou,0.922,4.024841037905238
Venusaur,ou,0.907,4.024436899925969
Terrakion,ou,0.866,4.023332254831246
Umbreon,ou,0.857,4.023089771722504
Alakazam,ou,0.85,4.022901174641206
Arctozolt,ou,0.815,4.021958184417009
Primarina,ou,0.784,4.0211229646417985
Gyarados,ou,0.767,4.0206649422409875
Volcanion,ou,0.723,4.01947946890805
Rotom-Heat,ou,0.721,4.019425584486508
Conkeldurr,ou,0.672,4.018105398493813
Snorlax,ou,0.646,4.017404892984261
Porygon2,ou,0.609,4.016408018338522
Nihilego,ou,0.6,4.0161655352297805
Toxtricity,ou,0.535,4.014414269047046
Cresselia,ou,0.511,4.013767646353133
Shedinja,ou,0.488,4.013147968278845
Polteageist,ou,0.45,4.0121241506193845
Lycanroc-Dusk,ou,0.428,4.011531414755867
Ribombee,ou,0.419,4.011288931647124
Porygon-Z,ou,0.408,4.0109925633138905
Mimikyu,ou,0.402,4.010830908443363
Azelf,ou,0.401,4.010803965429641
Klefki,ou,0.397,4.0106961957836065
Darmanitan,ou,0.392,4.0105614823209
Necrozma,ou,0.385,4.01037288443665
Raichu-Alola,ou,0.384,4.01034594222588
Glastrier,ou,0.383,4.010318999212157
Sylveon,ou,0.371,4.009995688668152
Charizard,ou,0.36,4.009699321137869
Starmie,ou,0.346,4.0093221245664195
Regidrago,ou,0.346,4.0093221245664195
Nidoqueen,ou,0.342,4.009214354920385
Sandaconda,ou,0.335,4.009025757036135
Exploud,ou,0.333,4.008971871811643
Omastar,ou,0.33,4.008891044376379
Scolipede,ou,0.321,4.008648561267638
Slowbro-Galar,ou,0.321,4.008648561267638
Vanilluxe,ou,0.296,4.007974997165905
Heracross,ou,0.296,4.007974997165905
Incineroar,ou,0.291,4.007840284506148
Weezing-Galar,ou,0.282,4.007597801397407
Stakataka,ou,0.278,4.007490030948421
Cinccino,ou,0.266,4.007166720404416
Espeon,ou,0.262,4.0070589499554305
Xatu,ou,0.253,4.006816466846689
Haxorus,ou,0.247,4.006654811574686
Araquanid,ou,0.245,4.006600926751669
Audino,ou,0.231,4.00622373098317
Salazzle,ou,0.228,4.006142903146431
Sandslash-Alola,ou,0.213,4.005738764765687
Tyrantrum,ou,0.211,4.005684879541194
Inteleon,ou,0.199,4.005361568997189
Registeel,ou,0.194,4.0052268563374325
Vaporeon,ou,0.193,4.005199913725186
Gigalith,ou,0.19,4.005119085888447
Jellicent,ou,0.189,4.005092143276201
Metagross,ou,0.183,4.004930488004198
Uxie,ou,0.182,4.004903545391952
Goodra,ou,0.182,4.004903545391952
Milotic,ou,0.18,4.004849660568934
Pyukumuku,ou,0.179,4.004822717956688
Slurpuff,ou,0.177,4.0047688327321955
Raikou,ou,0.172,4.0046341200724385
Zoroark,ou,0.169,4.0045532922357
Zygarde-10%,ou,0.164,4.004418579575943
Drampa,ou,0.163,4.004391636963697
Lucario,ou,0.163,4.004391636963697
Thundurus,ou,0.16,4.004310809126958
Stunfisk,ou,0.16,4.004310809126958
Xurkitree,ou,0.159,4.004283866514712
Whimsicott,ou,0.152,4.004095268630462
Tentacruel,ou,0.15,4.004041383807445
Regigigas,ou,0.147,4.003960555970706
Arctovish,ou,0.139,4.003745015474211
Indeedee,ou,0.135,4.003637245426701
Mantine,ou,0.134,4.0036103028144545
Golurk,ou,0.133,4.0035833602022075
Gardevoir,ou,0.131,4.003529474977715
Entei,ou,0.128,4.003448647542451
Heliolisk,ou,0.127,4.003421704930205
Blastoise,ou,0.126,4.003394762317959
Chandelure,ou,0.118,4.003179221821464
Froslass,ou,0.115,4.003098394185462
Aerodactyl,ou,0.113,4.003044508960969
Pangoro,ou,0.112,4.0030175665494605
Corsola-Galar,ou,0.108,4.002909796301213
Galvantula,ou,0.108,4.002909796301213
Bronzong,ou,0.106,4.00285591107672
Accelgor,ou,0.105,4.002828968464474
Tornadus,ou,0.104,4.002802026052965
Aurorus,ou,0.103,4.002775083440719
Ninetales,ou,0.101,4.002721198416964
Scizor,uu,31.907,4.0
Zeraora,uu,27.395,3.8585890497850457
Kommo-o,uu,24.756,3.775879927240151
Krookodile,uu,23.973,3.751339827696003
Salamence,uu,20.722,3.6494499761693504
Amoonguss,uu,16.178,3.5070360643542915
Victini,uu,15.611,3.4892656866081553
Rotom-Heat,uu,13.272,3.4159588956710114
Azumarill,uu,13.173,3.4128561289304806
Celesteela,uu,13.11,3.410881619267097
Jirachi,uu,12.654,3.396590103916936
Mew,uu,11.947,3.374431933560878
Slowking,uu,11.911,3.3733036764837308
Skarmory,uu,11.456,3.3590434850028306
Chansey,uu,11.13,3.3488262844564805
Moltres-Galar,uu,11.018,3.3453160683020555
Conkeldurr,uu,10.648,3.333719870278532
Nidoqueen,uu,10.413,3.3263547259618744
Tangrowth,uu,10.227,3.320525288136258
Grimmsnarl,uu,10.141,3.317829940920433
Bisharp,uu,9.857,3.308929090112734
Rotom-Wash,uu,9.854,3.308835058726576
Gyarados,uu,9.802,3.3072053208493766
Keldeo,uu,9.592,3.30062369171287
Tapu Bulu,uu,9.475,3.2969567964337654
Kyurem,uu,9.41,3.2949196091426725
Thundurus-Therian,uu,9.38,3.2939793849486536
Alakazam,uu,9.193,3.2881185933645884
Primarina,uu,8.272,3.259253468505792
Hatterene,uu,7.845,3.2458708086466075
Latias,uu,7.243,3.2270034827479903
Terrakion,uu,6.591,3.2065690965998837
Mamoswine,uu,6.464,3.2025887832930438
Lycanroc-Dusk,uu,6.439,3.201805253168299
Nihilego,uu,6.385,3.20011283766339
Azelf,uu,6.336,3.1985771162277548
Ninetales-Alola,uu,6.092,3.1909298926972163
Tentacruel,uu,5.864,3.1837841200775423
Crawdaunt,uu,5.476,3.1716237785708508
Quagsire,uu,5.409,3.169523928596642
Chandelure,uu,4.375,3.1371172487695667
Magnezone,uu,4.32,3.135393494450803
Zarude,uu,4.292,3.1345159329399
Aegislash,uu,3.754,3.1176544331016305
Rhyperior,uu,3.723,3.11668286262146
Shuckle,uu,3.49,3.109380388460215
Venusaur,uu,3.042,3.095339583620892
Mimikyu,uu,2.768,3.0867521209517412
Torkoal,uu,2.71,3.0849343427191163
Zygarde-10%,uu,2.587,3.0810793846676954
Togekiss,uu,2.531,3.07932428406278
Marowak-Alola,uu,2.47,3.077412481916294
Diggersby,uu,2.278,3.071394996262955
Cloyster,uu,2.206,3.0691384372748782
Stakataka,uu,2.149,3.0673519903838113
Darmanitan,uu,2.13,3.066756515559086
Seismitoad,uu,2.065,3.064719343212587
Incineroar,uu,2.03,3.0636224025324035
Sylveon,uu,2.029,3.0635910637185484
Thundurus,uu,2.013,3.0630896053353873
Haxorus,uu,1.999,3.0626508283160843
Umbreon,uu,1.945,3.0609584128111758
Ditto,uu,1.861,3.058325758167654
Slowbro-Galar,uu,1.765,3.0553170153409845
Scolipede,uu,1.752,3.054909580871685
Polteageist,uu,1.7,3.053279846730634
Reuniclus,uu,1.678,3.05259034051975
Volcanion,uu,1.535,3.048108565093601
Weezing-Galar,uu,1.483,3.04647883095255
Obstagoon,uu,1.418,3.0444416586060505
Necrozma,uu,1.405,3.044034224136751
Linoone,uu,1.354,3.042435828809555
Bronzong,uu,1.344,3.0421224182541162
Indeedee,uu,1.325,3.0415269396932425
Politoed,uu,1.29,3.040429999013059
Porygon2,uu,1.286,3.040304636285343
Cobalion,uu,1.28,3.0401165884576207
Suicune,uu,1.219,3.038204782574986
Cresselia,uu,1.1,3.0344751947235777
Glastrier,uu,1.076,3.0337230071488364
Noivern,uu,1.06,3.0332215487656753
Toxtricity,uu,1.033,3.032375341013221
Klefki,uu,0.984,3.030839628917957
Regidrago,uu,0.984,3.030839628917957
Palossand,uu,0.949,3.0297426901058477
Registeel,uu,0.947,3.0296800087419897
Diancie,uu,0.947,3.0296800087419897
Milotic,uu,0.934,3.02927257427269
Starmie,uu,0.925,3.0289905043991805
Porygon-Z,uu,0.828,3.0259504190225077
Mienshao,uu,0.797,3.0249788448061885
Ribombee,uu,0.776,3.0243206830133826
Kingdra,uu,0.765,3.0239759299079405
Charizard,uu,0.76,3.0238192246302216
Gastrodon,uu,0.699,3.021907418747587
Uxie,uu,0.696,3.0218133948337256
Tornadus,uu,0.692,3.0216880302379354
Pyukumuku,uu,0.692,3.0216880302379354
Talonflame,uu,0.686,3.021499984278287
Metagross,uu,0.654,3.0204970693800393
Crobat,uu,0.642,3.0201209774607425
Gardevoir,uu,0.623,3.019525497031794
Araquanid,uu,0.619,3.019400132436004
Entei,uu,0.602,3.018867333370914
Raikou,uu,0.597,3.018710628093195
Arctozolt,uu,0.581,3.0182091697100337
Arcanine,uu,0.56,3.0175510079172274
Mantine,uu,0.557,3.017456984003366
Heracross,uu,0.536,3.01679882221056
Slurpuff,uu,0.522,3.0163600470593313
Sableye,uu,0.516,3.016171999231609
Rotom-Mow,uu,0.511,3.0160152939538896
Golurk,uu,0.501,3.015701883398451
Whimsicott,uu,0.467,3.014636287136345
Bewear,uu,0.46,3.0144168995607306
Salazzle,uu,0.441,3.0138214191317823
Aerodactyl,uu,0.429,3.013445325344412
Xurkitree,uu,0.428,3.0134139846624826
Tyrantrum,uu,0.415,3.013006550193183
Heliolisk,uu,0.413,3.0129438678952876
Doublade,uu,0.407,3.0127558219356394
Goodra,uu,0.4,3.012536434360025
Galvantula,uu,0.385,3.01206631759283
Flygon,uu,0.384,3.012034976910901
Snorlax,uu,0.366,3.011470837163882
Lucario,uu,0.363,3.011376814184058
Steelix,uu,0.362,3.0113454725680917
Sharpedo,uu,0.348,3.010906697416863
Blastoise,uu,0.342,3.0107186514572146
Golisopod,uu,0.329,3.0103112169879145
Druddigon,uu,0.323,3.0101231710282663
Tsareena,uu,0.31,3.0097157365589666
Espeon,uu,0.307,3.0096217135791425
Durant,uu,0.3,3.009402326003528
Dhelmise,uu,0.295,3.0092456197917716
Roserade,uu,0.292,3.0091515968119475
Ninetales,uu,0.274,3.0085874570649285
Pangoro,uu,0.268,3.00839941110528
Celebi,uu,0.265,3.008305387191419
Comfey,uu,0.261,3.0081800235296656
Indeedee-F,uu,0.26,3.0081486819136996
Zoroark,uu,0.254,3.0079606359540514
Xatu,uu,0.249,3.0078039302093136
Arctovish,uu,0.248,3.007772589060366
Barbaracle,uu,0.229,3.0071771086314176
Gigalith,uu,0.228,3.00714576748247
Froslass,uu,0.227,3.0071144263335228
Articuno-Galar,uu,0.216,3.0067696746291364
Sirfetch’d,uu,0.211,3.0066129688843986
Shedinja,uu,0.205,3.006424922457732
Sceptile,uu,0.204,3.0063935813087843
Copperajah,uu,0.194,3.0060801707533455
Accelgor,uu,0.186,3.0058294420287837
Kabutops,uu,0.181,3.005672736284046
Pincurchin,uu,0.174,3.005453348708431
Drapion,uu,0.173,3.005422007559484
Inteleon,uu,0.167,3.005233961132817
Vikavolt,uu,0.163,3.005108597004045
Magneton,uu,0.163,3.005108597004045
Shiftry,uu,0.161,3.0050459147061503
Machamp,uu,0.158,3.004951891726326
Hitmonlee,uu,0.158,3.004951891726326
Hitmontop,uu,0.157,3.0049205505773786
Lycanroc,uu,0.154,3.0048265271305357
Aurorus,uu,0.154,3.0048265271305357
Dragalge,uu,0.153,3.004795185981588
Aggron,uu,0.15,3.004701163001764
Raichu-Alola,uu,0.149,3.0046698218528163
Poliwrath,uu,0.147,3.0046071395549214
Scyther,uu,0.147,3.0046071395549214
Corsola-Galar,uu,0.142,3.004450434277202
Omastar,uu,0.142,3.004450434277202
Runerigus,uu,0.136,3.004262387850535
Vaporeon,uu,0.134,3.00419970555264
Ludicolo,uu,0.132,3.004137023254745
Meowstic,uu,0.13,3.0040743409568496
Sandslash-Alola,uu,0.125,3.0039176356791306
Sigilyph,uu,0.12,3.003760930167902
Frosmoth,uu,0.116,3.003635565805621
Toxicroak,uu,0.113,3.0035415425922873
Decidueye,uu,0.11,3.003447519378954
Leafeon,uu,0.107,3.0033534961656208
Escavalier,uu,0.103,3.00322813180334
Zarude,ru,32.186,3.0
Togekiss,ru,26.194,2.813832087664315
Seismitoad,ru,16.716,2.5193562162224303
Zygarde-10%,ru,15.319,2.4759522727884185
Cobalion,ru,14.595,2.4534580219160786
Raikou,ru,14.332,2.445286752371919
Xurkitree,ru,14.06,2.4368358932354135
Noivern,ru,12.512,2.3887404388122504
Suicune,ru,12.428,2.3861306198959937
Milotic,ru,11.922,2.370409483195409
Metagross,ru,11.714,2.363947040587425
Klefki,ru,11.634,2.361461490296677
Toxtricity,ru,11.367,2.3531659521270085
Weezing-Galar,ru,11.223,2.348691955677642
Steelix,ru,11.186,2.3475423968164475
Crobat,ru,11.111,2.345212197122633
Darmanitan,ru,10.511,2.3265705403119243
Heracross,ru,10.458,2.3249238773185996
Mimikyu,ru,10.431,2.324084990021176
Cloyster,ru,10.388,2.322748998591622
Rhyperior,ru,10.153,2.3154476983163113
Incineroar,ru,9.987,2.310290194796552
Reuniclus,ru,9.678,2.3006897471687555
Necrozma,ru,8.945,2.277915847443877
Chandelure,ru,8.82,2.2740321714108207
Obstagoon,ru,7.674,2.23842663238425
Porygon2,ru,7.653,2.2377741776551856
Mienshao,ru,7.525,2.233797300152998
Registeel,ru,7.143,2.221928787144141
Sharpedo,ru,7.024,2.2182315288643957
Volcanion,ru,6.931,2.2153420759106486
Thundurus,ru,6.901,2.2144099871440934
Snorlax,ru,6.712,2.208537864952419
Magnezone,ru,6.423,2.19955880489731
Regidrago,ru,6.224,2.1933759963268162
Stakataka,ru,6.152,2.191138998102133
Umbreon,ru,5.866,2.182253154331203
Gardevoir,ru,5.799,2.1801714918884056
Marowak-Alola,ru,5.559,2.1727148410161607
Doublade,ru,5.491,2.1706021262320343
Roserade,ru,5.023,2.1560616303640696
Slowbro-Galar,ru,4.939,2.153451811447813
Gastrodon,ru,4.875,2.151463365289195
Golisopod,ru,4.655,2.144628101989637
Lucario,ru,4.1,2.1273845709212367
Flygon,ru,3.938,2.1223513286194615
Entei,ru,3.764,2.1169452508110647
Celebi,ru,3.482,2.1081836830731673
Glastrier,ru,3.34,2.1037718209365552
Aerodactyl,ru,3.026,2.0940160301193487
Tornadus,ru,3.021,2.093860679522415
Politoed,ru,2.967,2.092182934557665
Drapion,ru,2.941,2.091375129231667
Slurpuff,ru,2.917,2.090629465625947
Sylveon,ru,2.864,2.088982787817574
Starmie,ru,2.776,2.086248678053236
Dhelmise,ru,2.745,2.0852855221303046
Polteageist,ru,2.562,2.079599825099465
Durant,ru,2.538,2.0788541614937457
Porygon-Z,ru,2.507,2.0778910055708137
Diancie,ru,2.375,2.0737898446280694
Galvantula,ru,2.289,2.0711178765840104
Cresselia,ru,2.18,2.0677313120906082
Torkoal,ru,2.164,2.067234200550954
Salazzle,ru,1.986,2.061703843005762
Rotom-Mow,ru,1.97,2.0612067351698697
Toxicroak,ru,1.968,2.0611445971533535
Pincurchin,ru,1.945,2.0604300007040113
Xatu,ru,1.859,2.0577580289561896
Araquanid,ru,1.823,2.056639529843848
Indeedee,ru,1.773,2.0550860609121306
Kingdra,ru,1.715,2.0532840362105858
Raichu-Alola,ru,1.666,2.051761634435245
Golurk,ru,1.644,2.0510781088460415
Dragalge,ru,1.639,2.05092276195287
Mantine,ru,1.596,2.049586774227078
Blastoise,ru,1.538,2.0477847495255332
Hitmontop,ru,1.52,2.0472254999693624
Bronzong,ru,1.5,2.0466041123966754
Barbaracle,ru,1.434,2.0445535319253034
Vikavolt,ru,1.413,2.043901073492477
Tyrantrum,ru,1.335,2.041477661218245
Arcanine,ru,1.314,2.0408252027854186
Ribombee,ru,1.299,2.0403591621059034
Goodra,ru,1.291,2.0401106063360763
Vanilluxe,ru,1.275,2.0396134947964217
Vileplume,ru,1.272,2.039520285919766
Linoone,ru,1.246,2.0387124842975304
Charizard,ru,1.223,2.0379978878481877
Espeon,ru,1.214,2.037718261218221
Heliolisk,ru,1.206,2.037469705448394
Arctozolt,ru,1.197,2.03719008252219
Shiftry,ru,1.188,2.0369104558922233
Vaporeon,ru,1.161,2.036071583409848
Froslass,ru,1.128,2.035046293174162
Whimsicott,ru,1.102,2.034238487848164
Mudsdale,ru,1.053,2.0327160860728233
Tangela,ru,1.045,2.032467530302996
Sirfetch’d,ru,1.037,2.032218974533169
Morpeko,ru,0.988,2.0306965746097094
Tsareena,ru,0.978,2.0303858808233657
Bewear,ru,0.959,2.0297955622589368
Pangoro,ru,0.95,2.0295159374808516
Comfey,ru,0.893,2.027744981787565
Hitmonlee,ru,0.89,2.027651772910909
Decidueye,ru,0.889,2.027620703902651
Talonflame,ru,0.816,2.0253526366697097
Shuckle,ru,0.816,2.0253526366697097
Sigilyph,ru,0.772,2.0239855836394223
Poliwrath,ru,0.752,2.023364194214854
Sceptile,ru,0.74,2.022991362411994
Inteleon,ru,0.737,2.0228981535353387
Claydol,ru,0.71,2.0220592792010823
Kabutops,ru,0.685,2.021282544735224
Pyukumuku,ru,0.676,2.021002919957138
Runerigus,ru,0.674,2.020940781940622
Escavalier,ru,0.649,2.020164045622882
Ditto,ru,0.641,2.0199154898530547
Zoroark,ru,0.637,2.0197912138200222
Raichu,ru,0.632,2.0196358669268504
Virizion,ru,0.624,2.0193873111570233
Druddigon,ru,0.61,2.0189523394857662
Scrafty,ru,0.608,2.0188901996173687
Abomasnow,ru,0.598,2.0185795058310254
Sableye,ru,0.59,2.018330950061198
Uxie,ru,0.576,2.017895978389941
Arctovish,ru,0.56,2.0173988687021676
Audino,ru,0.55,2.017088174915824
Articuno-Galar,ru,0.526,2.016342509458223
Shedinja,ru,0.508,2.015783259902052
Eldegoss,ru,0.499,2.015503635123967
Ninetales,ru,0.495,2.0153793572390533
Cursola,ru,0.488,2.015161871403425
Aurorus,ru,0.472,2.014664760789711
Avalugg,ru,0.47,2.014602621847254
Accelgor,ru,0.455,2.0141365811677385
Machamp,ru,0.452,2.0140433722910833
Omastar,ru,0.433,2.0134530537266544
Gigalith,ru,0.427,2.0132666368992838
Lycanroc,ru,0.411,2.0127695272115105
Exploud,ru,0.402,2.012489902433425
Drednaw,ru,0.384,2.011930652877254
Leafeon,ru,0.372,2.011557820148454
Copperajah,ru,0.354,2.010998570592283
Thwackey,ru,0.353,2.0109675006580843
Jellicent,ru,0.347,2.0107810847566547
Crustle,ru,0.33,2.0102529051346822
Stunfisk-Galar,ru,0.325,2.01009755731557
Absol,ru,0.321,2.009973280356597
Passimian,ru,0.32,2.0099422104223983
Archeops,ru,0.315,2.0097868635292264
Jolteon,ru,0.309,2.0096004467018562
Sandaconda,ru,0.308,2.009569377693598
Palossand,ru,0.295,2.009165475030599
Braviary,ru,0.295,2.009165475030599
Aromatisse,ru,0.292,2.009072267079884
Ninjask,ru,0.289,2.008979059129169
Ludicolo,ru,0.288,2.0089479891949704
Electivire,ru,0.285,2.0088547812442554
Sandslash-Alola,ru,0.283,2.0087926423017985
Meowstic,ru,0.272,2.008450879507197
Corsola-Galar,ru,0.258,2.0080159069099994
Lycanroc-Midnight,ru,0.245,2.0076120051729407
Turtonator,ru,0.238,2.0073945193373124
Aggron,ru,0.23,2.0071459640304554
Articuno,ru,0.221,2.00686633925237
Swoobat,ru,0.218,2.0067731308386847
Gallade,ru,0.212,2.0065867144742846
Silvally-Steel,ru,0.211,2.006555645003056
Tauros,ru,0.199,2.0061828122742558
Mesprit,ru,0.199,2.0061828122742558
Drampa,ru,0.192,2.005965326438627
Duraludon,ru,0.19,2.00590318749617
Sandslash,ru,0.189,2.005872118024942
Centiskorch,ru,0.184,2.00571677113177
Sawk,ru,0.183,2.005685701660542
Lanturn,ru,0.165,2.005126452567341
Magmortar,ru,0.161,2.005002174682428
Frosmoth,ru,0.159,2.004940035739971
Exeggutor-Alola,ru,0.155,2.0048157583180273
Scyther,ru,0.155,2.0048157583180273
Regirock,ru,0.151,2.004691480433114
Shiinotic,ru,0.145,2.0045050640687134
Exeggutor,ru,0.142,2.004411856117999
Carracosta,ru,0.139,2.0043186477043133
Cinccino,ru,0.137,2.0042565087618565
Gurdurr,ru,0.133,2.0041322313399133
Qwilfish,ru,0.133,2.0041322313399133
Togedemaru,ru,0.126,2.0039147455042845
Coalossal,ru,0.126,2.0039147455042845
Cofagrigus,ru,0.125,2.0038836760330563
Sneasel,ru,0.125,2.0038836760330563
Malamar,ru,0.122,2.0037904678508562
Miltank,ru,0.118,2.0036661901974275
Butterfree,ru,0.108,2.003355496179599
Kangaskhan,ru,0.107,2.0033244267083705
Indeedee-F,ru,0.106,2.0032933572371423
Ferroseed,ru,0.103,2.0032001490549423
Copperajah,nu,23.556,2.0
Flygon,nu,20.056,1.8514178962355694
Sylveon,nu,19.746,1.8382577897168353
Bronzong,nu,18.326,1.7779759043792907
Mienshao,nu,18.292,1.7765325185293626
Rotom-Mow,nu,17.2,1.7301749423163875
Arcanine,nu,14.528,1.6167430815291954
Decidueye,nu,13.891,1.589701135081353
Salazzle,nu,13.063,1.5545508516187039
Golisopod,nu,12.252,1.5201222610810188
Blastoise,nu,12.017,1.5101460486887262
Starmie,nu,11.826,1.5020377116739194
Dragalge,nu,11.777,1.4999575712899493
Drapion,nu,11.476,1.4871794851033122
Cresselia,nu,11.374,1.4828493680389385
Mudsdale,nu,10.845,1.460392272857415
Mantine,nu,10.38,1.4406520725939034
Tyrantrum,nu,9.821,1.416921387373475
Vaporeon,nu,9.797,1.4159025315365152
Talonflame,nu,9.788,1.4155204707190079
Comfey,nu,9.513,1.4038461382748422
Diancie,nu,9.165,1.389072850095157
Vileplume,nu,9.163,1.3889879521896453
Gastrodon,nu,9.119,1.3871200768121594
Dhelmise,nu,8.76,1.3718797894240449
Arctovish,nu,8.458,1.359059274527357
Escavalier,nu,8.415,1.3572338278599219
Sandslash-Alola,nu,7.966,1.3381728715686185
Aerodactyl,nu,7.85,1.3332484286802533
Vanilluxe,nu,7.723,1.3278570270688692
Aurorus,nu,7.705,1.3270928851911494
Espeon,nu,7.667,1.3254797035301982
Golurk,nu,7.662,1.3252674587664193
Sirfetch’d,nu,7.623,1.3236118281527123
Articuno-Galar,nu,7.468,1.31703175465064
Zoroark,nu,7.148,1.3034470978762325
Goodra,nu,6.73,1.2857021603338847
Ninjask,nu,6.54,1.277636272271834
Bewear,nu,6.378,1.270759035857766
Celebi,nu,6.159,1.2614620471949765
Braviary,nu,6.126,1.2600611305405094
Tauros,nu,5.296,1.2248259491723488
Inteleon,nu,5.219,1.2215571368976905
Exploud,nu,5.132,1.2178638148527692
Araquanid,nu,5.052,1.2144676557198435
Roserade,nu,4.505,1.191246398417895
Guzzlord,nu,4.256,1.1806758399589057
Pangoro,nu,4.088,1.1735438895855979
Heliolisk,nu,3.611,1.1532942816463116
Sigilyph,nu,3.382,1.1435727629705539
Xatu,nu,3.31,1.1405162157023798
Silvally-Ghost,nu,3.181,1.1350399060641314
Duraludon,nu,2.94,1.1248089695912464
Weezing,nu,2.898,1.1230259819979194
Indeedee-F,nu,2.699,1.1145780229970086
Machamp,nu,2.647,1.1123705256334184
Sceptile,nu,2.626,1.1114790267760788
Gurdurr,nu,2.547,1.1081253165959088
Passimian,nu,2.278,1.096705728475041
Raichu-Alola,nu,2.234,1.0948378328548498
Toxicroak,nu,2.207,1.0936916301596227
Silvally-Steel,nu,2.075,1.0880879635417544
Pincurchin,nu,2.006,1.0851587732532002
Galvantula,nu,1.98,1.084055019510729
Scyther,nu,1.979,1.084012565497297
Gigalith,nu,1.953,1.0829088117548256
Gallade,nu,1.894,1.0804041464185634
Piloswine,nu,1.882,1.0798947185000836
Magneton,nu,1.881,1.0798522695473278
Runerigus,nu,1.879,1.0797673615204637
Centiskorch,nu,1.8,1.0764136513402938
Charizard,nu,1.741,1.0739089860040316
Omastar,nu,1.714,1.0727627782481284
Kingdra,nu,1.685,1.071531667526037
Uxie,nu,1.491,1.0632959785922866
Frosmoth,nu,1.486,1.0630837135858024
Druddigon,nu,1.483,1.062956361666859
Absol,nu,1.414,1.0600271713783047
Hitmontop,nu,1.314,1.0557819674014715
Garbodor,nu,1.293,1.054890473604808
Aggron,nu,1.248,1.0529801340925373
Hitmonlee,nu,1.217,1.051664120404258
Coalossal,nu,1.214,1.0515367634246382
Sandaconda,nu,1.204,1.0511122435330225
Whimsicott,nu,1.162,1.0493292559396956
Jolteon,nu,1.149,1.0487773841291361
Ribombee,nu,1.137,1.0482679562106563
Vikavolt,nu,1.113,1.0472491104950492
Lycanroc,nu,1.094,1.0464425196645735
Tsareena,nu,1.037,1.044022752233823
Palossand,nu,1.033,1.0438529463014472
Thwackey,nu,0.959,1.0407114960670854
Scrafty,nu,0.926,1.0393105794126183
Froslass,nu,0.905,1.0384190856159548
Ditto,nu,0.894,1.0379521142412451
Stunfisk-Galar,nu,0.869,1.0368908145122058
Silvally-Fairy,nu,0.81,1.0343861441152675
Sableye,nu,0.779,1.0330701304269883
Toxtricity,nu,0.754,1.0320088306979491
Crustle,nu,0.75,1.0318390222352352
Archeops,nu,0.747,1.031711665255615
Torkoal,nu,0.741,1.0314569538267133
Togedemaru,nu,0.674,1.0286126690346853
Regirock,nu,0.671,1.0284853120550654
Articuno,nu,0.646,1.027424012326026
Sandslash,nu,0.64,1.0271692983667862
Claydol,nu,0.635,1.0269570384209783
Haunter,nu,0.586,1.0248768904459937
Aromatisse,nu,0.585,1.0248344364325617
Pyukumuku,nu,0.563,1.0239004936831424
Dubwool,nu,0.55,1.0233486168119068
Sneasel,nu,0.547,1.0232212598322867
Abomasnow,nu,0.534,1.0226693829610511
Stunfisk,nu,0.53,1.0224995744983372
Mesprit,nu,0.516,1.0219052461440077
Lanturn,nu,0.502,1.021310917789678
Rotom-Fan,nu,0.495,1.0210137548776823
Virizion,nu,0.488,1.0207165907005173
Cofagrigus,nu,0.466,1.01978264542076
Porygon-Z,nu,0.46,1.0195279339918581
Kabutops,nu,0.432,1.018339277283199
Kingler,nu,0.424,1.0179996603577712
Pikachu,nu,0.415,1.0176175919492494
Accelgor,nu,0.413,1.0175326877178925
Audino,nu,0.41,1.0174053320034415
Magmortar,nu,0.392,1.016641195186398
Rotom,nu,0.37,1.0157072511718097
Shuckle,nu,0.368,1.0156223469404528
Avalugg,nu,0.368,1.0156223469404528
Shiftry,nu,0.358,1.015197827048837
Qwilfish,nu,0.356,1.01511292281748
Corsola-Galar,nu,0.355,1.015070470069217
Beartic,nu,0.335,1.0142214302859858
Clawitzer,nu,0.326,1.013839361877464
Poliwrath,nu,0.32,1.013584649183393
Marowak,nu,0.317,1.013457293468942
Rhydon,nu,0.316,1.0134148419858482
Malamar,nu,0.316,1.0134148419858482
Cramorant,nu,0.316,1.0134148419858482
Trevenant,nu,0.316,1.0134148419858482
Miltank,nu,0.313,1.0132874850062283
Electivire,nu,0.308,1.0130752250604205
Silvally-Dark,nu,0.308,1.0130752250604205
Cinccino,nu,0.303,1.0128629651146126
Exeggutor-Alola,nu,0.29,1.012311088243377
Bouffalant,nu,0.283,1.012013924066212
Persian-Alola,nu,0.28,1.0118865683517613
Ferroseed,nu,0.278,1.0118016641204042
Cursola,nu,0.269,1.0114195957118826
Perrserker,nu,0.267,1.0113346914805255
Lickilicky,nu,0.266,1.0112922399974316
Meowstic,nu,0.263,1.0111648842829808
Jellicent,nu,0.256,1.0108677201058158
Cryogonal,nu,0.254,1.010782815874459
Liepard,nu,0.248,1.010528103180388
Eldegoss,nu,0.248,1.010528103180388
Eiscue,nu,0.236,1.0100186790574155
Silvally,nu,0.235,1.009976226941737
Drifblim,nu,0.23,1.009763966995929
Altaria,nu,0.22,1.009339446471729
Tangela,nu,0.22,1.009339446471729
Dusclops,nu,0.216,1.0091696386415996
Hattrem,nu,0.214,1.0090847344102425
Silvally-Ground,nu,0.192,1.0081507897630697
Klinklang,nu,0.191,1.0081083376473912
Morpeko,nu,0.184,1.0078111734702264
Swirlix,nu,0.181,1.007683817123191
Shedinja,nu,0.181,1.007683817123191
Turtonator,nu,0.175,1.0074291050617046
Clefairy,nu,0.172,1.0073017493472538
Silvally-Poison,nu,0.168,1.0071319408845398
Lapras,nu,0.166,1.007047036653183
Spiritomb,nu,0.166,1.007047036653183
Drampa,nu,0.157,1.0066649688772455
Golbat,nu,0.157,1.0066649688772455
Hitmonchan,nu,0.147,1.0062404483530454
Swoobat,nu,0.147,1.0062404483530454
Alcremie,nu,0.144,1.00611309200601
Stoutland,nu,0.123,1.0052215997908078
Thievul,nu,0.123,1.0052215997908078
Skuntank,nu,0.123,1.0052215997908078
Rapidash,nu,0.121,1.005136695559451
Dugtrio-Alola,nu,0.12,1.0050942434437724
Duosion,nu,0.118,1.0050093395287076
Dusknoir,nu,0.118,1.0050093395287076
Rotom-Frost,nu,0.109,1.004627271120186
Glaceon,nu,0.107,1.0045423672051212
Basculin,nu,0.106,1.0044999150894427
Regigigas,nu,0.106,1.0044999150894427
Cradily,nu,0.105,1.0044574629737644
Boltund,nu,0.104,1.0044150111743781
Flareon,nu,0.101,1.004287655143635
Talonflame,pu,23.991,1.0
Vaporeon,pu,17.509,0.7298154035321289
Virizion,pu,14.899,0.6210245780137099
Mesprit,pu,14.115,0.5883456391550043
Whimsicott,pu,12.492,0.5206952620300865
Heliolisk,pu,12.227,0.5096494782676653
Weezing,pu,11.968,0.4988537701719158
Passimian,pu,11.713,0.48822477918728074
Lanturn,pu,11.092,0.4623400594982125
Silvally-Steel,pu,10.664,0.44450001681481593
Sandaconda,pu,10.496,0.43749742113195433
Regirock,pu,10.143,0.4227835429143121
Tsareena,pu,9.977,0.4158643057870077
Druddigon,pu,9.803,0.40861159468613656
Gigalith,pu,9.638,0.40173397720960397
Togedemaru,pu,9.567,0.398774569606302
Hitmontop,pu,9.316,0.3883122957327813
Ribombee,pu,9.289,0.3871868558544141
Claydol,pu,9.268,0.3863115313940564
Archeops,pu,9.195,0.38326872548385926
Jolteon,pu,9.129,0.38051769439378136
Braviary,pu,8.708,0.3629694662818419
Guzzlord,pu,8.118,0.3383769035822554
Toxicroak,pu,8.025,0.33450043261381024
Hitmonlee,pu,7.535,0.31407611570278815
Scyther,pu,7.492,0.31228378750429414
Absol,pu,7.419,0.309240981594097
Galvantula,pu,7.06,0.2942770277097831
Arctovish,pu,7.01,0.29219292469116986
Aromatisse,pu,6.984,0.2911091839662502
Sandslash-Alola,pu,6.812,0.28393981154526726
Xatu,pu,6.621,0.2759784930951529
Aggron,pu,6.619,0.27589513453959563
Silvally-Fairy,pu,6.46,0.26926765235674155
Charizard,pu,6.348,0.26459923535916485
Palossand,pu,6.263,0.2610562383642865
Scrafty,pu,5.329,0.22212497057407213
Lycanroc,pu,4.809,0.2004501759513469
Omastar,pu,4.469,0.1862781879718335
Vikavolt,pu,4.424,0.1844024813421133
Aurorus,pu,4.393,0.18311034422830053
Cofagrigus,pu,4.393,0.18311034422830053
Articuno,pu,4.285,0.1786086443418383
Kingler,pu,4.076,0.16989705914037095
Uxie,pu,3.789,0.15793423188847555
Garbodor,pu,3.76,0.15672544339238553
Accelgor,pu,3.721,0.15509983230500599
Silvally-Ghost,pu,3.495,0.14567962981646093
Vanilluxe,pu,3.481,0.14509608017622244
Jellicent,pu,3.462,0.14430411427142198
Roserade,pu,3.356,0.1398857928161859
Magmortar,pu,3.349,0.1395940179960667
Rotom,pu,3.223,0.13434205135825153
Froslass,pu,3.197,0.13325831063333182
Runerigus,pu,3.059,0.12750615291083545
Alcremie,pu,3.04,0.12671418700603496
Exeggutor-Alola,pu,3.027,0.12617231664357512
Clawitzer,pu,2.98,0.1242132514582977
Spiritomb,pu,2.959,0.12333792699794001
Gallade,pu,2.958,0.12329623778232691
Poliwrath,pu,2.848,0.11871118927814193
Sandslash,pu,2.625,0.10941603456076719
Magneton,pu,2.539,0.10583135828811023
Audino,pu,2.484,0.10353882906710049
Skuntank,pu,2.45,0.10212163424428294
Cinccino,pu,2.444,0.10187153870194232
Frosmoth,pu,2.428,0.10120462056831216
Centiskorch,pu,2.345,0.09774499206682549
Abomasnow,pu,2.309,0.09624442875061624
Ferroseed,pu,2.302,0.09595265393049701
Qwilfish,pu,2.242,0.09345171838275974
Perrserker,pu,2.176,0.09070068729268187
Sableye,pu,2.175,0.09065899807706879
Coalossal,pu,2.118,0.08828311030050183
Golbat,pu,2.113,0.08807469403593982
Kabutops,pu,2.048,0.08536535216147502
Corsola-Galar,pu,2.046,0.08528198366808333
Rhydon,pu,2.004,0.08353132480953346
Thwackey,pu,1.972,0.08219749351119036
Stunfisk-Galar,pu,1.958,0.08161393890203465
Basculin,pu,1.929,0.08040515537486187
Gourgeist-Small,pu,1.911,0.07965487371675725
Gurdurr,pu,1.784,0.07436122283224625
Dugtrio-Alola,pu,1.771,0.0738193524697864
Avalugg,pu,1.764,0.07352757764966716
Sneasel,pu,1.75,0.07294402304051147
Miltank,pu,1.712,0.07136009619982775
Pincurchin,pu,1.677,0.06990121713031434
Haunter,pu,1.661,0.06923429899668418
Dusknoir,pu,1.607,0.0669834540223703
Silvally-Poison,pu,1.598,0.06660831567777661
Drampa,pu,1.589,0.06623317236426568
Gourgeist-Super,pu,1.547,0.06448251847463304
Pyukumuku,pu,1.524,0.06352382552088365
Crustle,pu,1.504,0.06269017536938731
Carbink,pu,1.489,0.06206494148245301
Liepard,pu,1.486,0.061939893711282695
Cryogonal,pu,1.482,0.06177316666233377
Shuckle,pu,1.458,0.06077278946188852
Trevenant,pu,1.442,0.0601058762971756
Sawk,pu,1.411,0.058813724276611114
Flapple,pu,1.406,0.05860531298096634
Lurantis,pu,1.39,0.05793839484733618
Turtonator,pu,1.387,0.057813347076165866
Malamar,pu,1.346,0.056104372464311845
Ditto,pu,1.337,0.05572923411971815
Electivire,pu,1.32,0.055020636708309374
Klinklang,pu,1.29,0.053770163965523504
Tangela,pu,1.267,0.05281147101177411
Morpeko,pu,1.245,0.05189446230472056
Persian-Alola,pu,1.215,0.05064399453085193
Hitmonchan,pu,1.16,0.048351465309842204
Silvally-Ground,pu,1.141,0.04755950437395896
Piloswine,pu,1.117,0.046559127173513716
Lickilicky,pu,1.113,0.04639240012456479
Mawile,pu,1.098,0.045767166237630476
Exeggutor,pu,1.08,0.04501688457952585
Regigigas,pu,1.026,0.04276603960521197
Shiinotic,pu,1.015,0.04230753276722658
Stoutland,pu,1.001,0.041723983126988114
Beartic,pu,0.997,0.04155725110912195
Stunfisk,pu,0.985,0.04105706499335795
Marowak,pu,0.973,0.04055687639313533
Altaria,pu,0.957,0.03988996074396378
Cursola,pu,0.927,0.03863949048563653
Butterfree,pu,0.904,0.037680797531887134
Ludicolo,pu,0.896,0.03734734094953067
Manectric,pu,0.89,0.037097245407190046
Wishiwashi,pu,0.888,0.03701388188271559
Silvally-Dark,pu,0.873,0.03638864799578127
Cradily,pu,0.869,0.03622191846237373
Dubwool,pu,0.864,0.03601350716672896
Eldegoss,pu,0.863,0.035971822920033106
Carracosta,pu,0.863,0.035971822920033106
Kangaskhan,pu,0.854,0.0355966820909808
Eiscue,pu,0.848,0.03534658903309879
Clefairy,pu,0.838,0.03492976644180925
Drifblim,pu,0.797,0.03322079182995522
Swoobat,pu,0.795,0.03313742830548076
Jynx,pu,0.787,0.03280396923866568
Rapidash-Galar,pu,0.777,0.03238714664737614
Thievul,pu,0.722,0.03009461991082503
Meowstic,pu,0.718,0.02992789037741749
Glaceon,pu,0.71,0.029594431310602406
Mr. Rime,pu,0.701,0.029219290481550093
Appletun,pu,0.677,0.028218915765563464
Regice,pu,0.668,0.02784377493651115
Kadabra,pu,0.639,0.02663498892487975
Lapras,pu,0.635,0.02646825939147221
Cramorant,pu,0.629,0.026218166333590205
Boltund,pu,0.627,0.026134800324657127
Flareon,pu,0.623,0.025968073275708204
Falinks,pu,0.608,0.02534283690431527
Silvally,pu,0.608,0.02534283690431527
Rotom-Frost,pu,0.608,0.02534283690431527
Musharna,pu,0.605,0.02521779161760358
Rotom-Fan,pu,0.601,0.025051062084196038
Beheeyem,pu,0.597,0.024884332550788497
Pinsir,pu,0.571,0.023800591825868786
Orbeetle,pu,0.57,0.023758910063631556
Duosion,pu,0.558,0.02325872394786755
Torkoal,pu,0.558,0.02325872394786755
Onix,pu,0.548,0.02284189887211939
Leafeon,pu,0.516,0.021508065089317678
Lilligant,pu,0.5,0.02084114944014613
Pikachu,pu,0.496,0.02067441990673859
Dugtrio,pu,0.475,0.019799091719692963
Bellossom,pu,0.464,0.01934058612393688
Indeedee-F,pu,0.463,0.019298904361699648
Lycanroc-Midnight,pu,0.457,0.019048810061588338
Throh,pu,0.455,0.018965446537113878
Dusclops,pu,0.45,0.018757033999239794
Bouffalant,pu,0.438,0.01825684664124648
Shiftry,pu,0.425,0.017714977521015935
Silvally-Dragon,pu,0.411,0.01713142539631885
Gloom,pu,0.407,0.01696469586291131
Exploud,pu,0.401,0.016714601562799997
Mr. Mime,pu,0.384,0.01600600290916191
Calyrex,pu,0.361,0.015047309955412515
Duraludon,pu,0.351,0.01463048736412297
Ninetales,pu,0.341,0.014213663530604118
Machamp,pu,0.341,0.014213663530604118
Golduck,pu,0.335,0.013963570472722115
Luxray,pu,0.327,0.013630111405907032
Noctowl,pu,0.318,0.01325497057685472
Roselia,pu,0.315,0.01312992404791372
Shedinja,pu,0.31,0.012921512752268946
Unfezant,pu,0.307,0.012796466223327946
Gothitelle,pu,0.299,0.012463007156512863
Wigglytuff,pu,0.282,0.011754408502874777
Sceptile,pu,0.279,0.011629361973933775
Rapidash,pu,0.279,0.011629361973933775
Raboot,pu,0.26,0.01083739731136261
Silvally-Water,pu,0.253,0.010545621249014068
Raichu-Alola,pu,0.249,0.010378892336721181
Raichu,pu,0.247,0.01029552757001741
Armaldo,pu,0.242,0.010087116274372638
Type: Null,pu,0.229,0.009545246533027438
Sirfetch’d,pu,0.226,0.009420199382971783
Walrein,pu,0.225,0.009378516999619897
Drednaw,pu,0.218,0.009086740937271355
Corsola,pu,0.214,0.008920012024978469
Togetic,pu,0.213,0.008878329641626584
Fraxure,pu,0.208,0.008669918345981811
Whirlipede,pu,0.198,0.008253095133577613
Gourgeist,pu,0.195,0.008128047983521958
Stonjourner,pu,0.192,0.008003001454580955
Hattrem,pu,0.19,0.007919636687877185
Kingdra,pu,0.189,0.0078779543045253
Mareanie,pu,0.178,0.007419449329883871
Lunatone,pu,0.178,0.007419449329883871
Greedent,pu,0.175,0.007294402179828215
Munchlax,pu,0.173,0.007211037413124445
Persian,pu,0.172,0.0071693556508872144
Dedenne,pu,0.171,0.007127673267535329
Palpitoad,pu,0.169,0.0070443085008315585
Seaking,pu,0.163,0.006794214821834901
Maractus,pu,0.159,0.00662748528842736
Tauros,pu,0.155,0.006460756376134473
Grapploct,pu,0.155,0.006460756376134473
Combusken,pu,0.152,0.006335709226078817
Heatmor,pu,0.14,0.005835521868085503
Pawniard,pu,0.138,0.005752157101381733
Octillery,pu,0.137,0.0057104747180298475
Emolga,pu,0.136,0.005668792955792617
Whiscash,pu,0.133,0.005543745805736961
Sudowoodo,pu,0.133,0.005543745805736961
Metang,pu,0.127,0.005293652126740303
Silvally-Flying,pu,0.121,0.005043558137186319
Electabuzz,pu,0.113,0.004710099691485892
Mr. Mime-Galar,pu,0.11,0.004585052851987563
Hakamo-o,pu,0.109,0.004543370468635678
Torracat,pu,0.109,0.004543370468635678
Drakloak,pu,0.108,0.00450168839584112
Gabite,pu,0.106,0.004418323629137349
Hippopotas,pu,0.101,0.004209912333492577
