Pokemon,Alternate Form Name,Legendary Type,Pokemon Height,Pokemon Weight,Health Stat,Attack Stat,Defense Stat,Special Attack Stat,Special Defense Stat,Speed Stat,Base Stat Total,Catch Rate,Experience Growth,Primary Egg Group,Secondary Egg Group,Egg Cycle Count,Tiers,Percent_Usage,Tier_Score
Bulbasaur,NULL,NULL,0.7,6.9,45,49,49,65,65,45,318,45,2.0,Monster,Grass,20,pu,0.01518,0.000781418495360277
Ivysaur,NULL,NULL,1.0,13.0,60,62,63,80,80,60,405,45,2.0,Monster,Grass,20,pu,0.01708,0.0008792244763991482
Venusaur,NULL,NULL,2.0,100.0,80,82,83,100,100,80,525,45,2.0,Monster,Grass,20,pu,3.60897,0.1857783814693259
Venusaur,Mega,NULL,2.4,155.5,80,100,123,122,120,80,625,45,2.0,Monster,Grass,20,pu,3.60897,0.1857783814693259
Charizard,NULL,NULL,1.7,90.5,78,84,78,109,85,100,534,45,2.0,Monster,Dragon,20,pu,1.44017,0.07413540879862786
Charizard,Mega Y,NULL,1.7,100.5,78,104,78,159,115,100,634,45,2.0,Monster,Dragon,20,pu,1.44017,0.07413540879862786
Charizard,Mega X,NULL,1.7,110.5,78,130,111,130,85,100,634,45,2.0,Monster,Dragon,20,pu,1.44017,0.07413540879862786
Squirtle,NULL,NULL,0.5,9.0,44,48,65,50,64,43,314,45,2.0,Monster,Water 1,20,pu,0.01518,0.000781418495360277
Wartortle,NULL,NULL,1.0,22.5,59,63,80,65,80,58,405,45,2.0,Monster,Water 1,20,pu,0.148,0.007618572991525027
Blastoise,Mega,NULL,1.6,101.1,79,103,120,135,115,78,630,45,2.0,Monster,Water 1,20,uu,2.98967,3.117240769648483
Blastoise,NULL,NULL,1.6,85.5,79,83,100,85,105,78,530,45,2.0,Monster,Water 1,20,uu,2.98967,3.117240769648483
Arbok,NULL,NULL,3.5,65.0,60,95,69,65,79,80,448,90,1.0,Field,Dragon,20,pu,0.83299,0.0428796957003824
Pikachu,NULL,NULL,0.4,6.0,35,55,40,50,50,90,320,190,1.0,Field,Fairy,10,pu,0.48575,0.025004876384017993
Pikachu,Starter,NULL,0.4,6.0,45,80,50,75,60,120,430,190,1.0,Field,Fairy,10,pu,0.48575,0.025004876384017993
Raichu,Alola,NULL,0.7,21.0,60,85,50,95,85,110,485,75,1.0,Field,Fairy,10,pu,0.34344,0.017679207066637382
Raichu,NULL,NULL,0.8,30.0,60,90,55,90,80,110,485,75,1.0,Field,Fairy,10,pu,0.34344,0.017679207066637382
Sandshrew,NULL,NULL,0.6,12.0,50,75,85,20,30,40,300,255,1.0,Field,NULL,20,pu,0.00949,0.0004885152526897831
Sandshrew,Alola,NULL,0.7,40.0,50,75,90,10,35,40,300,255,1.0,Field,NULL,20,pu,0.00949,0.0004885152526897831
Sandslash,Alola,NULL,1.2,55.0,75,100,120,25,65,65,450,90,1.0,Field,NULL,20,pu,1.14796,0.05909335499540547
Sandslash,NULL,NULL,1.0,29.5,75,100,110,45,55,65,450,90,1.0,Field,NULL,20,pu,1.14796,0.05909335499540547
Clefairy,NULL,NULL,0.6,7.5,70,45,48,60,65,35,323,150,0.0,Fairy,NULL,20,pu,0.06072,0.003125673981441108
Clefable,NULL,NULL,1.3,40.0,95,70,73,95,90,60,483,25,0.0,Fairy,NULL,10,ou,5.18998,4.193257273876687
Ninetales,NULL,NULL,1.1,19.9,73,76,75,81,100,100,505,75,1.0,Field,NULL,20,pu,0.16318,0.008399991055411383
Ninetales,Alola,NULL,1.1,19.9,73,67,75,81,100,109,505,75,1.0,Field,NULL,20,pu,0.16318,0.008399991055411383
Jigglypuff,NULL,NULL,0.5,5.5,115,45,20,45,25,20,270,170,0.0,Fairy,NULL,10,pu,0.00379,0.00019509723766084918
Wigglytuff,NULL,NULL,1.0,12.0,140,70,45,85,50,45,435,50,0.0,Fairy,NULL,10,pu,0.29221,0.015042049200833898
Gloom,NULL,NULL,0.8,8.6,60,65,70,85,75,40,395,120,2.0,Grass,NULL,20,pu,0.05692,0.0029300619234802717
Vileplume,NULL,NULL,1.2,18.6,75,80,85,110,90,50,490,45,2.0,Grass,NULL,20,nu,5.54493,1.256530264213425
Venonat,NULL,NULL,1.0,30.0,60,55,50,40,55,45,305,190,1.0,Bug,NULL,20,pu,0.01518,0.000781418495360277
Venomoth,NULL,NULL,1.5,12.5,70,65,60,90,75,90,450,75,1.0,Bug,NULL,20,pu,1.75515,0.0903495804929028
Diglett,NULL,NULL,0.2,0.8,10,55,25,35,45,95,265,255,1.0,Field,NULL,20,pu,0.01328,0.0006836124663798589
Diglett,Alola,NULL,0.2,1.0,10,55,30,35,45,90,265,255,1.0,Field,NULL,20,pu,0.01328,0.0006836124663798589
Dugtrio,NULL,NULL,0.7,33.3,35,100,50,50,70,120,425,50,1.0,Field,NULL,20,pu,1.03981,0.05352613405552459
Dugtrio,Alola,NULL,0.7,66.6,35,100,60,50,70,110,425,50,1.0,Field,NULL,20,pu,1.03981,0.05352613405552459
Persian,NULL,NULL,1.0,32.0,65,70,60,65,65,115,440,90,1.0,Field,NULL,20,pu,0.21631,0.011134955813143126
Persian,Alola,NULL,1.1,33.0,65,60,60,75,65,115,440,90,1.0,Field,NULL,20,pu,0.21631,0.011134955813143126
Psyduck,NULL,NULL,0.8,19.6,50,52,48,65,50,55,320,190,1.0,Water 1,Field,20,pu,0.00569,0.00029290324267049385
Golduck,NULL,NULL,1.7,76.6,80,82,78,95,80,85,500,75,1.0,Water 1,Field,20,pu,0.29031,0.014944242308905639
Primeape,NULL,NULL,1.0,32.0,65,105,60,60,70,95,455,75,1.0,Field,NULL,20,pu,2.26367,0.11652658550687982
Arcanine,Hisui,NULL,2.0,168.0,95,115,80,95,80,90,555,135,3.0,Field,NULL,20,pu,12.8515,0.6615546362669784
Arcanine,NULL,NULL,1.9,155.0,90,110,80,100,80,95,555,75,3.0,Field,NULL,20,pu,12.8515,0.6615546362669784
Poliwrath,NULL,NULL,1.3,54.0,90,95,95,70,90,70,510,45,2.0,Water 1,NULL,20,pu,1.61853,0.0833168179179256
Victreebel,NULL,NULL,1.7,15.5,80,105,65,100,70,70,490,45,2.0,Grass,NULL,20,pu,0.18405,0.009474312793442154
Tentacool,NULL,NULL,0.9,45.5,40,40,35,50,100,70,335,190,3.0,Water 3,NULL,20,pu,0.03226,0.0016606430197009718
Tentacruel,NULL,NULL,1.6,55.0,80,70,65,80,120,100,515,60,3.0,Water 3,NULL,20,nu,9.40155,1.434952684494557
Geodude,Alola,NULL,0.4,20.3,40,80,100,30,30,20,300,255,2.0,Mineral,NULL,15,pu,0.00759,0.0003907092476801385
Geodude,NULL,NULL,0.4,20.0,40,80,100,30,30,20,300,255,2.0,Mineral,NULL,15,pu,0.00759,0.0003907092476801385
Graveler,Alola,NULL,1.0,110.0,55,95,115,45,45,35,390,120,2.0,Mineral,NULL,15,pu,0.0778,0.004004898361957163
Graveler,NULL,NULL,1.0,105.0,55,95,115,45,45,35,390,120,2.0,Mineral,NULL,15,pu,0.0778,0.004004898361957163
Golem,NULL,NULL,1.4,300.0,80,120,130,55,65,45,495,45,2.0,Mineral,NULL,15,pu,0.80642,0.041511957888955335
Golem,Alola,NULL,1.7,316.0,80,120,130,55,65,45,495,45,2.0,Mineral,NULL,15,pu,0.80642,0.041511957888955335
Slowpoke,Galar,NULL,1.2,36.0,90,65,65,40,40,15,315,190,1.0,Monster,Water 1,20,pu,0.01708,0.0008792244763991482
Slowpoke,NULL,NULL,1.2,36.0,90,65,65,40,40,15,315,190,1.0,Monster,Water 1,20,pu,0.01708,0.0008792244763991482
Slowbro,NULL,NULL,1.6,78.5,95,75,110,100,80,30,490,75,1.0,Monster,Water 1,20,ru,13.52337,2.7197979915292927
Slowbro,Mega,NULL,2.0,120.0,95,75,180,130,80,30,590,75,1.0,Monster,Water 1,20,ru,13.52337,2.7197979915292927
Slowbro,Galar,NULL,1.6,70.5,95,100,95,100,70,30,490,75,1.0,Monster,Water 1,20,ru,13.52337,2.7197979915292927
Magneton,NULL,NULL,1.0,60.0,50,60,95,120,70,70,465,60,1.0,Mineral,NULL,20,pu,1.91833,0.09874957154831418
Doduo,NULL,NULL,1.4,39.2,35,85,45,35,35,75,310,190,1.0,Flying,NULL,20,pu,0.01897,0.0009765157090503528
Dodrio,NULL,NULL,1.8,85.2,60,110,70,60,60,110,470,45,1.0,Flying,NULL,20,pu,0.49334,0.02539558541596117
Dewgong,NULL,NULL,1.7,120.0,90,70,80,70,95,70,475,75,1.0,Water 1,Field,20,pu,0.28272,0.01455353327696246
Muk,Alola,NULL,1.0,52.0,105,105,75,65,100,50,500,75,1.0,Amorphous,NULL,20,pu,1.54074,0.07931243310581743
Muk,NULL,NULL,1.2,30.0,105,105,75,65,100,50,500,75,1.0,Amorphous,NULL,20,pu,1.54074,0.07931243310581743
Shellder,NULL,NULL,0.3,4.0,30,65,100,45,25,40,305,190,3.0,Water 3,NULL,20,pu,0.0759,0.0039070926206260246
Cloyster,NULL,NULL,1.5,132.5,50,95,180,85,45,70,525,60,3.0,Water 3,NULL,20,ru,3.90368,2.2077781743299947
Haunter,NULL,NULL,1.6,0.1,45,50,45,115,55,95,405,90,2.0,Amorphous,NULL,20,pu,0.53508,0.02754423042615221
Gengar,NULL,NULL,1.5,40.5,60,65,60,130,75,110,500,45,2.0,Amorphous,NULL,20,ru,17.49909,2.9314106004752603
Gengar,Mega,NULL,1.4,40.5,60,65,80,170,95,130,600,45,2.0,Amorphous,NULL,20,ru,17.49909,2.9314106004752603
Drowzee,NULL,NULL,1.0,32.4,60,48,45,43,90,42,328,190,1.0,Human-Like,NULL,20,pu,0.00379,0.00019509723766084918
Hypno,NULL,NULL,1.6,75.6,85,73,70,73,115,67,483,75,1.0,Human-Like,NULL,20,pu,0.13092,0.006739348035710411
Voltorb,Hisui,NULL,0.5,13.0,40,30,50,55,55,100,330,235,1.0,Mineral,NULL,20,pu,0.00759,0.0003907092476801385
Voltorb,NULL,NULL,0.5,10.5,40,30,50,55,55,100,330,190,1.0,Mineral,NULL,20,pu,0.00759,0.0003907092476801385
Electrode,NULL,NULL,1.2,66.6,60,50,70,80,80,150,490,60,1.0,Mineral,NULL,20,pu,0.15559,0.008009282023468204
Electrode,Hisui,NULL,1.2,71.0,60,50,70,80,80,150,490,135,1.0,Mineral,NULL,20,pu,0.15559,0.008009282023468204
Exeggutor,NULL,NULL,2.0,120.0,95,95,85,125,75,55,530,45,3.0,Grass,NULL,20,pu,0.32826,0.016897789002751025
Exeggutor,Alola,NULL,10.9,415.6,95,105,85,125,75,45,530,45,3.0,Grass,NULL,20,pu,0.32826,0.016897789002751025
Hitmonlee,NULL,NULL,1.5,49.8,50,120,53,35,110,87,455,45,1.0,Human-Like,NULL,25,pu,7.6259,0.3925572529764321
Hitmonchan,NULL,NULL,1.4,50.2,50,105,79,35,110,76,455,45,1.0,Human-Like,NULL,25,pu,1.00186,0.051572591964067695
Weezing,NULL,NULL,1.2,9.5,65,90,120,85,70,60,490,60,1.0,Amorphous,NULL,20,pu,1.39084,0.07159605629062314
Weezing,Galar,NULL,3.0,16.0,65,90,120,85,70,60,490,60,1.0,Amorphous,NULL,20,pu,1.39084,0.07159605629062314
Rhydon,NULL,NULL,1.9,120.0,105,130,120,45,45,40,485,60,3.0,Monster,Field,20,pu,11.96539,0.6159405234930946
Chansey,NULL,NULL,1.1,34.6,250,5,5,35,105,50,450,30,0.0,Fairy,NULL,40,ru,2.85972,2.1522121141733335
Horsea,NULL,NULL,0.4,8.0,30,40,70,70,25,60,295,225,1.0,Water 1,Dragon,20,pu,0.00379,0.00019509723766084918
Seadra,NULL,NULL,1.2,25.0,55,65,95,95,45,85,440,75,1.0,Water 1,Dragon,20,pu,0.02656,0.0013672249327597178
Scyther,NULL,NULL,1.5,56.0,70,110,80,55,80,105,500,45,1.0,Bug,NULL,25,nu,8.962,1.4146173546396428
Electabuzz,NULL,NULL,1.1,30.0,65,83,57,95,85,105,490,45,1.0,Human-Like,NULL,25,pu,0.02846,0.0014650309617401359
Magmar,NULL,NULL,1.3,44.5,65,95,57,100,85,93,495,45,1.0,Human-Like,NULL,25,pu,0.08159,0.004199995527705691
Tauros,NULL,NULL,1.4,88.4,75,100,95,40,70,110,490,45,3.0,Field,NULL,20,pu,1.19161,0.06134032083090614
Tauros,Paldean Combat Breed,NULL,1.4,115.0,75,110,105,30,70,100,490,45,3.0,Field,NULL,20,pu,1.19161,0.06134032083090614
Tauros,Paldean Blaze Breed,NULL,1.4,85.0,75,110,105,30,70,100,490,45,3.0,Field,NULL,20,pu,1.19161,0.06134032083090614
Tauros,Paldean Aqua Breed,NULL,1.4,110.0,75,110,105,30,70,100,490,45,3.0,Field,NULL,20,pu,1.19161,0.06134032083090614
Magikarp,NULL,NULL,0.9,10.0,20,10,55,15,20,80,200,255,3.0,Water 2,Dragon,5,pu,0.05313,0.0027349647577317427
Gyarados,Mega,NULL,6.5,305.0,95,155,109,70,130,81,640,45,3.0,Water 2,Dragon,5,ru,0.49511,2.0263528390366634
Gyarados,NULL,NULL,6.5,235.0,95,125,79,60,100,81,540,45,3.0,Water 2,Dragon,5,ru,0.49511,2.0263528390366634
Lapras,NULL,NULL,2.5,220.0,130,85,80,85,95,60,535,45,3.0,Monster,Water 1,40,pu,0.79314,0.04082834364873825
Ditto,NULL,NULL,0.3,4.0,48,48,48,48,48,48,288,35,1.0,Ditto,NULL,20,pu,1.38135,0.0711075403667517
Eevee,NULL,NULL,0.3,6.5,55,55,50,45,65,55,325,45,1.0,Field,NULL,35,pu,0.03226,0.0016606430197009718
Eevee,Starter,NULL,0.3,6.5,65,75,70,65,85,75,435,45,1.0,Field,NULL,35,pu,0.03226,0.0016606430197009718
Vaporeon,NULL,NULL,1.0,29.0,130,65,60,110,95,65,525,45,1.0,Field,NULL,35,nu,10.1795,1.470943679631306
Jolteon,NULL,NULL,0.8,24.5,65,65,60,110,95,130,525,45,1.0,Field,NULL,35,pu,4.13836,0.21302971282372218
Flareon,NULL,NULL,0.9,25.0,65,130,60,95,110,65,525,45,1.0,Field,NULL,35,pu,0.46108,0.023734943930389697
Porygon,NULL,NULL,0.8,36.5,65,60,70,85,75,40,395,45,1.0,Mineral,NULL,20,pu,0.00569,0.00029290324267049385
Snorlax,NULL,NULL,2.1,460.0,160,110,65,65,110,30,540,25,3.0,Monster,NULL,40,pu,2.0929,0.10773588848778426
Articuno,NULL,Sub-Legendary,1.7,55.4,90,85,100,95,125,85,580,3,3.0,No Eggs Discovered,NULL,80,pu,1.00565,0.051767690280413343
Articuno,Galar,Sub-Legendary,1.7,50.9,90,85,85,125,100,95,580,3,3.0,No Eggs Discovered,NULL,80,pu,1.00565,0.051767690280413343
Zapdos,NULL,Sub-Legendary,1.6,52.6,90,90,85,125,90,100,580,3,3.0,No Eggs Discovered,NULL,80,ou,7.54544,4.280966630743132
Zapdos,Galar,Sub-Legendary,1.6,58.2,90,125,90,85,90,100,580,3,3.0,No Eggs Discovered,NULL,80,ou,7.54544,4.280966630743132
Moltres,NULL,Sub-Legendary,2.0,60.0,90,100,90,125,85,90,580,3,3.0,No Eggs Discovered,NULL,80,ou,5.32079,4.198128187077385
Moltres,Galar,Sub-Legendary,2.0,66.0,90,85,90,100,125,90,580,3,3.0,No Eggs Discovered,NULL,80,ou,5.32079,4.198128187077385
Dratini,NULL,NULL,1.8,3.3,41,64,45,50,50,50,300,45,3.0,Water 1,Dragon,40,pu,0.00379,0.00019509723766084918
Dragonair,NULL,NULL,4.0,16.5,61,84,65,70,70,70,420,45,3.0,Water 1,Dragon,40,pu,0.32257,0.01660488532860661
Dragonite,NULL,NULL,2.2,210.0,91,134,95,100,100,80,600,45,3.0,Water 1,Dragon,40,ou,14.33187,4.533670288707893
Mew,NULL,Mythical,0.4,4.0,100,100,100,100,100,100,600,45,2.0,No Eggs Discovered,NULL,120,ru,5.94013,2.3161707383854164
Bayleef,NULL,NULL,1.2,15.8,60,62,80,63,80,60,405,45,2.0,Monster,Grass,20,pu,0.00569,0.00029290324267049385
Meganium,NULL,NULL,1.8,100.5,80,82,100,83,100,80,525,45,2.0,Monster,Grass,20,pu,0.42124,0.021684105812126916
Cyndaquil,NULL,NULL,0.5,7.9,39,52,43,60,50,65,309,45,2.0,Field,NULL,20,pu,0.0019,9.780600500964464e-05
Typhlosion,NULL,NULL,1.7,79.5,78,84,78,109,85,100,534,45,2.0,Field,NULL,20,pu,1.13658,0.05850755071537563
Typhlosion,Hisui,NULL,1.6,69.8,73,84,78,119,85,95,534,55,2.0,Field,NULL,20,pu,1.13658,0.05850755071537563
Croconaw,NULL,NULL,1.1,25.0,65,80,80,59,63,58,405,45,2.0,Monster,Water 1,20,pu,0.05882,0.0030278680483437834
Feraligatr,NULL,NULL,2.3,88.8,85,105,100,79,83,78,530,45,2.0,Monster,Water 1,20,ru,4.2124,2.224210169335975
Sentret,NULL,NULL,0.8,6.0,35,46,34,35,45,20,215,255,1.0,Field,NULL,15,pu,0.00569,0.00029290324267049385
Furret,NULL,NULL,1.8,32.5,85,76,64,45,55,90,415,90,1.0,Field,NULL,15,pu,0.46298,0.02383274928818846
Noctowl,NULL,NULL,1.6,40.8,100,50,50,86,96,70,452,90,1.0,Flying,NULL,15,pu,0.5256,0.02705622996979164
Ariados,NULL,NULL,1.1,33.5,70,90,70,60,70,40,400,90,0.0,Bug,NULL,15,pu,0.99996,0.051474785072139435
Chinchou,NULL,NULL,0.5,12.0,75,38,38,56,56,67,330,190,3.0,Water 2,NULL,20,pu,0.0019,9.780600500964464e-05
Lanturn,NULL,NULL,1.2,22.5,125,58,58,76,76,67,460,75,3.0,Water 2,NULL,20,pu,1.36807,0.07042392612653461
Pichu,NULL,NULL,0.3,2.0,20,40,15,35,35,60,205,190,1.0,No Eggs Discovered,NULL,10,pu,0.0019,9.780600500964464e-05
Cleffa,NULL,NULL,0.3,3.0,50,25,28,45,55,15,218,150,0.0,No Eggs Discovered,NULL,10,pu,0.00759,0.0003907092476801385
Ampharos,NULL,NULL,1.4,61.5,90,75,85,115,90,55,510,45,2.0,Monster,Field,20,pu,1.03981,0.05352613405552459
Ampharos,Mega,NULL,1.4,61.5,90,95,105,165,110,45,610,45,2.0,Monster,Field,20,pu,1.03981,0.05352613405552459
Bellossom,NULL,NULL,0.4,5.8,75,80,95,90,100,50,490,45,2.0,Grass,NULL,20,pu,1.03412,0.053233231915509674
Marill,NULL,NULL,0.4,8.5,70,20,50,20,50,40,250,190,0.0,Water 1,Fairy,10,pu,0.02277,0.0011721277670111887
Azumarill,NULL,NULL,0.8,28.5,100,50,80,60,80,50,420,75,0.0,Water 1,Fairy,10,uu,8.96901,3.351722318295102
Sudowoodo,NULL,NULL,1.2,38.0,70,110,115,30,65,30,420,65,1.0,Mineral,NULL,20,pu,0.8235,0.04239117977651096
Politoed,NULL,NULL,1.1,33.9,90,75,75,90,100,70,500,45,2.0,Water 1,NULL,20,ru,5.12944,2.273020744491903
Hoppip,NULL,NULL,0.4,0.5,35,35,40,35,55,50,250,255,2.0,Fairy,Grass,20,pu,0.00379,0.00019509723766084918
Skiploom,NULL,NULL,0.6,1.0,55,45,50,45,65,80,340,120,2.0,Fairy,Grass,20,pu,0.00759,0.0003907092476801385
Jumpluff,NULL,NULL,0.8,3.0,75,55,70,55,95,110,460,45,2.0,Fairy,Grass,20,pu,0.21062,0.010842052906063458
Aipom,NULL,NULL,0.8,11.5,55,70,55,40,55,85,360,45,0.0,Field,NULL,20,pu,0.02846,0.0014650309617401359
Sunkern,NULL,NULL,0.3,1.8,30,30,30,30,30,30,180,235,2.0,Grass,NULL,20,pu,0.04933,0.0025393526997709065
Sunflora,NULL,NULL,0.8,8.5,75,75,55,105,85,30,425,120,2.0,Grass,NULL,20,pu,0.03036,0.001562836990720554
Yanma,NULL,NULL,1.2,38.0,65,65,45,75,45,95,390,75,1.0,Bug,NULL,20,pu,0.04174,0.0021486434760615413
Quagsire,NULL,NULL,1.4,75.0,95,85,85,65,65,35,430,90,1.0,Water 1,Field,20,ru,9.40816,2.5007608997235686
Espeon,NULL,NULL,0.9,26.5,65,65,60,130,95,110,525,45,1.0,Field,NULL,35,pu,16.53448,0.8511428012900237
Umbreon,NULL,NULL,1.0,27.0,95,65,110,60,130,65,525,45,1.0,Field,NULL,35,ru,6.84573,2.364372390720536
Murkrow,NULL,NULL,0.5,2.1,60,85,42,85,42,91,405,30,2.0,Flying,NULL,20,pu,0.16128,0.008302185697612619
Slowking,NULL,NULL,2.0,79.5,95,75,80,100,110,30,490,70,1.0,Monster,Water 1,20,uu,12.16684,3.4771261111127734
Slowking,Galar,NULL,1.8,79.5,95,65,80,110,110,30,490,70,1.0,Monster,Water 1,20,uu,12.16684,3.4771261111127734
Misdreavus,NULL,NULL,0.7,1.0,60,60,60,85,85,85,435,45,0.0,Amorphous,NULL,25,pu,0.13851,0.007130057834718337
Girafarig,NULL,NULL,1.5,41.5,70,80,65,90,65,85,455,60,1.0,Field,NULL,20,pu,0.03985,0.002051352243410337
Pineco,NULL,NULL,0.6,7.2,50,65,90,35,35,15,290,190,1.0,Bug,NULL,20,pu,0.04174,0.0021486434760615413
Forretress,NULL,NULL,1.2,125.8,75,90,140,60,60,40,465,75,1.0,Bug,NULL,20,ru,11.86883,2.6317330615549093
Dunsparce,NULL,NULL,1.5,14.0,100,70,70,65,65,45,415,190,1.0,Field,NULL,20,pu,0.11954,0.006153541838018704
Gligar,NULL,NULL,1.1,64.8,65,75,105,35,65,85,430,60,2.0,Bug,NULL,20,nu,7.48336,1.3462096503847372
Granbull,NULL,NULL,1.4,48.7,90,120,75,60,60,45,450,75,0.0,Field,Fairy,20,pu,0.5958,0.030669902681697635
Qwilfish,Hisui,NULL,0.5,3.9,65,95,85,55,55,85,440,235,1.0,Water 2,NULL,20,pu,5.06432,0.2606952144683581
Qwilfish,NULL,NULL,0.5,3.9,65,95,85,55,55,85,440,45,1.0,Water 2,NULL,20,pu,5.06432,0.2606952144683581
Scizor,Mega,NULL,2.0,125.0,70,150,140,65,100,75,600,25,1.0,Bug,NULL,25,ou,8.02758,4.298919893357242
Scizor,NULL,NULL,1.8,118.0,70,130,100,55,80,65,500,25,1.0,Bug,NULL,25,ou,8.02758,4.298919893357242
Heracross,NULL,NULL,1.5,54.0,80,125,75,40,95,85,500,45,3.0,Bug,NULL,25,pu,6.9523,0.35788246535641044
Heracross,Mega,NULL,1.7,62.5,80,185,115,40,105,75,600,45,3.0,Bug,NULL,25,pu,6.9523,0.35788246535641044
Sneasel,NULL,NULL,0.9,28.0,55,95,55,35,75,115,430,60,2.0,Field,NULL,20,pu,2.23141,0.11486594555543785
Sneasel,Hisui,NULL,0.9,27.0,55,95,55,35,75,115,430,235,2.0,Field,NULL,20,pu,2.23141,0.11486594555543785
Ursaring,NULL,NULL,1.8,125.8,90,130,75,75,75,55,500,60,1.0,Field,NULL,20,pu,0.93165,0.04795840071639184
Magcargo,NULL,NULL,0.8,55.0,60,50,120,90,80,30,430,75,1.0,Amorphous,NULL,20,pu,0.37949,0.019534946868554507
Piloswine,NULL,NULL,1.1,55.8,100,100,80,60,60,50,450,75,3.0,Field,NULL,20,pu,0.61098,0.03145132074558399
Delibird,NULL,NULL,0.9,16.0,45,55,45,65,45,75,330,45,0.0,Water 1,Field,20,pu,0.13662,0.007032766410300945
Skarmory,NULL,NULL,1.7,50.5,65,80,140,40,70,70,465,25,3.0,Flying,NULL,25,uu,14.66841,3.5752259250172784
Houndoom,Mega,NULL,1.9,49.5,75,90,90,140,90,115,600,45,3.0,Field,NULL,20,pu,0.48575,0.025004876384017993
Houndoom,NULL,NULL,1.4,35.0,75,90,50,110,80,95,500,45,3.0,Field,NULL,20,pu,0.48575,0.025004876384017993
Kingdra,NULL,NULL,1.8,152.0,75,95,95,95,95,85,540,45,1.0,Water 1,Dragon,20,pu,4.20098,0.21625320117597285
Donphan,NULL,NULL,1.1,120.0,90,120,120,60,60,50,500,60,1.0,Field,NULL,20,uu,12.17099,3.4772888698737723
Porygon2,NULL,NULL,0.6,32.5,85,80,90,105,95,60,515,45,1.0,Mineral,NULL,20,pu,4.60704,0.23715587511704794
Stantler,NULL,NULL,1.4,71.2,73,95,62,85,65,85,465,45,3.0,Field,NULL,20,pu,0.10626,0.005469929515463485
Smeargle,NULL,NULL,1.2,58.0,55,20,35,20,45,75,250,45,0.0,Field,NULL,20,pu,1.49899,0.07716327723050401
Hitmontop,NULL,NULL,1.4,48.0,50,95,95,35,110,70,455,45,1.0,Human-Like,NULL,25,pu,3.92774,0.20218766375298247
Elekid,NULL,NULL,0.6,23.5,45,63,37,65,55,95,360,45,1.0,No Eggs Discovered,NULL,25,pu,0.01138,0.0005858064853409877
Magby,NULL,NULL,0.7,21.4,45,75,37,70,55,83,365,45,1.0,No Eggs Discovered,NULL,25,pu,0.00379,0.00019509723766084918
Blissey,NULL,NULL,1.5,46.8,255,10,10,75,135,55,540,30,0.0,Fairy,NULL,40,ru,6.02703,2.3207960848638214
Raikou,NULL,Sub-Legendary,1.9,178.0,90,85,75,115,100,115,580,3,3.0,No Eggs Discovered,NULL,80,nu,8.66039,1.4006636904002923
Entei,NULL,Sub-Legendary,2.1,198.0,115,115,85,90,75,100,580,3,3.0,No Eggs Discovered,NULL,80,ru,10.13195,2.5392855217584325
Suicune,NULL,Sub-Legendary,2.0,187.0,100,75,115,90,115,85,580,3,3.0,No Eggs Discovered,NULL,80,ru,4.63433,2.2466679038689747
Tyranitar,NULL,NULL,2.0,202.0,100,134,110,95,100,61,600,45,3.0,Monster,NULL,40,uu,9.80405,3.384468655475007
Tyranitar,Mega,NULL,2.5,255.0,100,164,150,95,120,71,700,45,3.0,Monster,NULL,40,uu,9.80405,3.384468655475007
Treecko,NULL,NULL,0.5,5.0,40,45,35,65,55,70,310,45,2.0,Monster,Dragon,20,pu,0.00379,0.00019509723766084918
Grovyle,NULL,NULL,0.9,21.6,50,65,45,85,65,95,405,45,2.0,Monster,Dragon,20,pu,0.00949,0.0004885152526897831
Sceptile,NULL,NULL,1.7,52.2,70,85,65,105,85,120,530,45,2.0,Monster,Dragon,20,pu,2.04926,0.10548943198327647
Sceptile,Mega,NULL,1.9,55.2,70,110,75,145,85,145,630,45,2.0,Monster,Dragon,20,pu,2.04926,0.10548943198327647
Combusken,NULL,NULL,0.9,19.5,60,85,60,85,60,55,405,45,2.0,Field,NULL,20,pu,0.26944,0.013869920570874867
Blaziken,NULL,NULL,1.9,52.0,80,120,70,110,70,80,530,45,2.0,Field,NULL,20,ou,3.32845,4.123940200666112
Blaziken,Mega,NULL,1.9,52.0,80,160,80,130,80,100,630,45,2.0,Field,NULL,20,ou,3.32845,4.123940200666112
Marshtomp,NULL,NULL,0.7,28.0,70,85,70,60,70,50,405,45,2.0,Monster,Water 1,20,pu,0.03226,0.0016606430197009718
Swampert,Mega,NULL,1.9,102.0,100,150,110,95,110,70,635,45,2.0,Monster,Water 1,20,nu,11.36573,1.5258233743300158
Swampert,NULL,NULL,1.5,81.9,100,110,90,85,90,60,535,45,2.0,Monster,Water 1,20,nu,11.36573,1.5258233743300158
Mightyena,NULL,NULL,1.0,37.0,70,90,70,60,60,70,420,127,1.0,Field,NULL,15,pu,0.30359,0.015627855014993232
Ludicolo,NULL,NULL,1.5,55.0,80,70,70,90,100,70,480,45,2.0,Water 1,Grass,15,pu,0.47626,0.02451636199427605
Shiftry,NULL,NULL,1.3,59.6,90,100,60,90,60,80,480,45,2.0,Fairy,Grass,15,pu,1.22576,0.0630982552750245
Pelipper,NULL,NULL,1.2,28.0,60,50,100,95,70,65,440,45,1.0,Water 1,Flying,20,ou,4.35283,4.162084640337798
Ralts,NULL,NULL,0.4,6.6,28,25,25,45,35,40,198,235,3.0,Human-Like,Amorphous,20,pu,0.00569,0.00029290324267049385
Kirlia,NULL,NULL,0.8,20.2,38,35,35,65,55,50,278,120,3.0,Human-Like,Amorphous,20,pu,0.00379,0.00019509723766084918
Gardevoir,NULL,NULL,1.6,48.4,68,65,65,125,115,80,518,45,3.0,Human-Like,Amorphous,20,ru,8.56316,2.4557847211132464
Gardevoir,Mega,NULL,1.6,48.4,68,85,65,165,135,100,618,45,3.0,Amorphous,NULL,20,ru,8.56316,2.4557847211132464
Masquerain,NULL,NULL,0.8,3.6,70,60,62,100,82,80,454,75,1.0,Water 1,Bug,15,pu,1.39463,0.0717911484704508
Breloom,NULL,NULL,1.2,39.2,60,130,80,60,60,70,460,90,,Fairy,Grass,15,nu,10.24387,1.4739216961276917
Vigoroth,NULL,NULL,1.4,46.5,80,80,80,55,55,90,440,120,3.0,Field,NULL,15,pu,0.08539,0.004395607777432715
Slaking,NULL,NULL,2.0,130.5,150,160,100,95,65,100,670,45,3.0,Field,NULL,15,pu,0.64324,0.03311196376528496
Hariyama,NULL,NULL,2.3,253.8,144,120,60,40,60,50,474,200,,Human-Like,NULL,20,pu,8.88391,0.4573156572814597
Nosepass,NULL,NULL,1.0,97.0,30,45,135,45,90,30,375,255,1.0,Mineral,NULL,20,pu,0.03226,0.0016606430197009718
Sableye,NULL,NULL,0.5,11.0,50,75,75,65,65,50,380,45,2.0,Human-Like,NULL,25,pu,1.33771,0.06886108999876189
Sableye,Mega,NULL,0.5,161.0,50,85,125,85,115,20,480,45,2.0,Human-Like,NULL,25,pu,1.33771,0.06886108999876189
Meditite,NULL,NULL,0.6,11.2,30,40,55,40,55,60,280,180,1.0,Human-Like,NULL,20,pu,0.02277,0.0011721277670111887
Medicham,NULL,NULL,1.3,31.5,60,60,75,60,75,80,410,90,1.0,Human-Like,NULL,20,pu,0.89181,0.045907564132258556
Medicham,Mega,NULL,1.3,31.5,60,100,85,80,85,100,510,90,1.0,Human-Like,NULL,20,pu,0.89181,0.045907564132258556
Plusle,NULL,NULL,0.4,4.2,60,50,40,85,75,95,405,200,1.0,Fairy,NULL,20,pu,0.0778,0.004004898361957163
Minun,NULL,NULL,0.4,4.2,60,40,50,75,85,95,405,200,1.0,Fairy,NULL,20,pu,0.10246,0.005274317265736462
Volbeat,NULL,NULL,0.7,17.7,65,73,75,47,85,85,430,150,,Bug,Human-Like,15,pu,0.5237,0.02695842307786338
Illumise,NULL,NULL,0.6,17.7,65,47,75,73,85,85,430,150,,Bug,Human-Like,15,pu,0.37,0.019046432478812568
Swalot,NULL,NULL,1.7,80.0,100,73,83,73,83,55,467,75,,Amorphous,NULL,20,pu,0.65083,0.03350267279722814
Numel,NULL,NULL,0.7,24.0,60,60,40,65,45,35,305,255,1.0,Field,NULL,20,pu,0.04174,0.0021486434760615413
Camerupt,Mega,NULL,2.5,320.5,70,120,100,145,105,20,560,150,1.0,Field,NULL,20,pu,0.41365,0.02129339678018374
Camerupt,NULL,NULL,1.9,220.0,70,100,70,105,75,40,460,150,1.0,Field,NULL,20,pu,0.41365,0.02129339678018374
Torkoal,NULL,NULL,0.5,80.4,70,85,140,85,70,20,470,90,1.0,Field,NULL,20,pu,0.67739,0.034869898209403324
Grumpig,NULL,NULL,0.9,71.5,80,45,65,90,110,80,470,60,0.0,Field,NULL,20,pu,0.09487,0.004883608233793284
Trapinch,NULL,NULL,0.7,15.0,45,100,45,45,45,10,290,255,2.0,Bug,Dragon,20,pu,0.02087,0.0010743217380307707
Flygon,NULL,NULL,2.0,82.0,80,100,80,80,80,100,520,45,2.0,Bug,Dragon,20,nu,21.61511,2.0
Cacnea,NULL,NULL,0.4,51.3,50,85,40,85,40,35,335,190,2.0,Grass,Human-Like,20,pu,0.0019,9.780600500964464e-05
Cacturne,NULL,NULL,1.3,77.4,70,115,60,115,60,55,475,60,2.0,Grass,Human-Like,20,pu,0.7438,0.03828847567322266
Altaria,Mega,NULL,1.5,20.6,75,110,110,110,105,80,590,45,,Flying,Dragon,20,nu,6.12241,1.2832467522955793
Altaria,NULL,NULL,1.1,20.6,75,70,90,70,105,80,490,45,,Flying,Dragon,20,nu,6.12241,1.2832467522955793
Zangoose,NULL,NULL,1.3,40.3,73,115,60,60,60,90,458,90,,Field,NULL,20,pu,1.26561,0.06514960732666865
Seviper,NULL,NULL,2.7,52.5,73,100,60,100,60,65,458,90,,Field,Dragon,20,pu,0.18216,0.00937702213608951
Whiscash,NULL,NULL,0.9,23.6,110,78,73,76,71,60,468,75,1.0,Water 2,NULL,20,pu,0.54837,0.028228357065621174
Corphish,NULL,NULL,0.6,11.5,43,80,65,50,35,35,308,205,,Water 1,Water 3,15,pu,0.00759,0.0003907092476801385
Crawdaunt,NULL,NULL,1.1,32.8,63,120,85,90,55,55,468,155,,Water 1,Water 3,15,ru,12.36279,2.6580247104088746
Feebas,NULL,NULL,0.6,7.4,20,15,20,10,55,80,200,255,,Water 1,Dragon,20,pu,0.04933,0.0025393526997709065
Milotic,NULL,NULL,6.2,162.0,95,60,79,100,125,81,540,60,,Water 1,Dragon,20,pu,19.42621,1.0
Banette,Mega,NULL,1.2,13.0,64,165,75,93,83,75,555,45,0.0,Amorphous,NULL,25,pu,0.35862,0.01846062513052374
Banette,NULL,NULL,1.1,12.5,64,115,65,83,63,65,455,45,0.0,Amorphous,NULL,25,pu,0.35862,0.01846062513052374
Dusclops,NULL,NULL,1.6,30.6,40,70,130,60,130,25,455,90,0.0,Amorphous,NULL,25,pu,1.08155,0.055674780599845125
Tropius,NULL,NULL,2.0,100.0,99,68,83,72,87,51,460,200,3.0,Monster,Grass,25,pu,0.26375,0.013577016896730453
Chimecho,NULL,NULL,0.6,1.0,75,50,80,95,90,65,455,45,0.0,Amorphous,NULL,25,pu,0.47247,0.024321263677930402
Glalie,Mega,NULL,2.1,350.2,80,120,80,120,80,100,580,75,1.0,Fairy,Mineral,20,pu,0.04174,0.0021486434760615413
Glalie,NULL,NULL,1.5,256.5,80,80,80,80,80,80,480,75,1.0,Fairy,Mineral,20,pu,0.04174,0.0021486434760615413
Luvdisc,NULL,NULL,0.6,8.7,43,30,55,40,65,97,330,225,0.0,Water 2,NULL,20,pu,0.01328,0.0006836124663798589
Shelgon,NULL,NULL,1.1,110.5,65,95,100,60,50,50,420,45,3.0,Dragon,NULL,40,pu,0.00379,0.00019509723766084918
Salamence,Mega,NULL,1.8,112.6,95,145,130,120,90,120,700,45,3.0,Dragon,NULL,40,uu,4.85962,3.1905713984388324
Salamence,NULL,NULL,1.5,102.6,95,135,80,110,80,100,600,45,3.0,Dragon,NULL,40,uu,4.85962,3.1905713984388324
Metang,NULL,NULL,1.2,202.5,60,75,100,55,80,50,420,3,3.0,Mineral,NULL,40,pu,0.05503,0.002832770690829067
Metagross,NULL,NULL,1.6,550.0,80,135,130,95,90,70,600,3,3.0,Mineral,NULL,40,uu,9.11312,3.357373622609107
Metagross,Mega,NULL,2.5,942.9,80,145,150,105,110,110,700,3,3.0,Mineral,NULL,40,uu,9.11312,3.357373622609107
Regirock,NULL,Sub-Legendary,1.7,230.0,80,100,200,50,100,50,580,3,3.0,No Eggs Discovered,NULL,80,pu,1.4193,0.0730610824582086
Regice,NULL,Sub-Legendary,1.8,175.0,80,50,100,100,200,50,580,3,3.0,No Eggs Discovered,NULL,80,pu,0.64324,0.03311196376528496
Registeel,NULL,Sub-Legendary,1.9,205.0,80,75,150,75,150,50,580,3,3.0,No Eggs Discovered,NULL,80,ru,4.839,2.2575617392208325
Latias,NULL,Sub-Legendary,1.4,40.0,80,80,90,110,130,110,600,3,3.0,No Eggs Discovered,NULL,120,ou,1.27228,4.047375396185173
Latias,Mega,NULL,1.8,52.0,80,100,120,140,150,110,700,3,3.0,No Eggs Discovered,NULL,120,ou,1.27228,4.047375396185173
Latios,NULL,Sub-Legendary,2.0,60.0,80,90,80,130,110,110,600,3,3.0,No Eggs Discovered,NULL,120,uu,18.79737,3.737144301797826
Latios,Mega,NULL,2.3,70.0,80,130,100,160,120,110,700,3,3.0,No Eggs Discovered,NULL,120,uu,18.79737,3.737144301797826
Jirachi,NULL,Mythical,0.3,1.1,100,100,100,100,100,100,600,3,3.0,No Eggs Discovered,NULL,120,ru,12.03348,2.64049675838444
Turtwig,NULL,NULL,0.4,10.2,55,68,64,45,55,31,318,45,2.0,Monster,Grass,20,pu,0.00949,0.0004885152526897831
Torterra,NULL,NULL,2.2,310.0,95,109,105,75,85,56,525,45,2.0,Monster,Grass,20,nu,4.03502,1.186675885544842
Monferno,NULL,NULL,0.9,22.0,64,78,52,78,52,81,405,45,2.0,Field,Human-Like,20,pu,0.00759,0.0003907092476801385
Infernape,NULL,NULL,1.2,55.0,76,104,71,104,71,108,534,45,2.0,Field,Human-Like,20,nu,10.39467,1.4808982855833859
Prinplup,NULL,NULL,0.8,23.0,64,66,68,81,76,50,405,45,2.0,Water 1,Field,20,pu,0.00569,0.00029290324267049385
Empoleon,NULL,NULL,1.7,84.5,84,86,88,111,101,60,530,45,2.0,Water 1,Field,20,ru,8.59518,2.45748900451677
Staravia,NULL,NULL,0.6,15.5,55,75,50,40,40,80,340,120,2.0,Flying,NULL,15,pu,0.00759,0.0003907092476801385
Staraptor,NULL,NULL,1.2,24.9,85,120,70,50,60,100,485,45,2.0,Flying,NULL,15,nu,8.19142,1.3789672803359316
Kricketune,NULL,NULL,1.0,25.5,77,85,51,55,51,65,384,45,2.0,Bug,NULL,15,pu,0.21441,0.011037150455344362
Luxray,NULL,NULL,1.4,42.0,80,120,79,95,79,70,523,45,2.0,Field,NULL,20,pu,0.55216,0.028423455381966826
Cranidos,NULL,NULL,0.9,31.5,67,125,40,30,30,58,350,45,,Monster,NULL,30,pu,0.0019,9.780600500964464e-05
Rampardos,NULL,NULL,1.6,102.5,97,165,60,65,50,58,495,45,,Monster,NULL,30,pu,1.33202,0.06856818785874698
Shieldon,NULL,NULL,0.5,57.0,30,42,118,42,88,30,350,45,,Monster,NULL,30,pu,0.00379,0.00019509723766084918
Bastiodon,NULL,NULL,1.3,149.5,60,52,168,47,138,30,495,45,,Monster,NULL,30,pu,1.77792,0.09152171065699133
Vespiquen,NULL,NULL,1.2,38.5,70,80,102,80,102,40,474,45,2.0,Bug,NULL,15,pu,0.3757,0.019339850086338352
Pachirisu,NULL,NULL,0.4,3.9,60,45,70,45,90,95,405,200,1.0,Field,Fairy,10,pu,0.08539,0.004395607777432715
Buizel,NULL,NULL,0.7,29.5,55,65,35,60,30,85,330,190,1.0,Water 1,Field,20,pu,0.00569,0.00029290324267049385
Floatzel,NULL,NULL,1.1,33.5,85,105,55,85,50,115,495,75,1.0,Water 1,Field,20,pu,3.55964,0.1832390289613212
Gastrodon,NULL,NULL,0.9,29.9,111,83,68,92,82,39,475,75,1.0,Water 1,Amorphous,20,ru,6.53471,2.347817974106263
Gastrodon,East Sea,NULL,0.9,29.9,111,83,68,92,82,39,475,75,1.0,Water 1,Amorphous,20,ru,6.53471,2.347817974106263
Ambipom,NULL,NULL,1.2,20.3,75,100,66,60,66,115,482,45,0.0,Field,NULL,20,pu,18.81523,0.9685486270940131
Drifloon,NULL,NULL,0.4,1.2,90,50,34,60,44,70,348,125,,Amorphous,NULL,30,pu,0.00949,0.0004885152526897831
Drifblim,NULL,NULL,1.2,15.0,150,80,44,90,54,80,498,60,,Amorphous,NULL,30,pu,2.33767,0.12033587813916032
Mismagius,NULL,NULL,0.9,4.4,60,60,60,105,105,105,495,45,0.0,Amorphous,NULL,25,pu,3.96,0.20384830370442444
Honchkrow,NULL,NULL,0.9,27.3,100,125,52,105,52,71,505,30,2.0,Flying,NULL,20,pu,1.49899,0.07716327723050401
Chingling,NULL,NULL,0.2,0.6,45,30,50,65,50,45,285,120,0.0,No Eggs Discovered,NULL,25,pu,0.00759,0.0003907092476801385
Skuntank,NULL,NULL,1.0,38.0,103,93,67,71,61,84,479,60,1.0,Field,NULL,20,pu,3.89169,0.20033191934867686
Bronzor,NULL,NULL,0.5,60.5,57,24,86,24,86,23,300,255,1.0,Mineral,NULL,20,pu,0.01897,0.0009765157090503528
Bronzong,NULL,NULL,1.3,187.0,67,89,116,79,116,33,500,90,1.0,Mineral,NULL,20,nu,13.96072,1.645877805184591
Bonsly,NULL,NULL,0.5,15.0,50,80,95,10,45,10,290,255,1.0,No Eggs Discovered,NULL,20,pu,0.00379,0.00019509723766084918
Spiritomb,NULL,NULL,1.0,108.0,50,92,108,92,108,35,485,100,1.0,Amorphous,NULL,30,pu,0.99427,0.051181882932124514
Gabite,NULL,NULL,1.4,56.0,68,90,65,50,55,82,410,45,3.0,Monster,Dragon,40,pu,0.23908,0.012307083676037408
Garchomp,NULL,NULL,1.9,95.0,108,130,95,80,85,102,600,45,3.0,Monster,Dragon,40,ou,6.05329,4.225404008379034
Garchomp,Mega,NULL,1.9,95.0,108,170,115,120,95,92,700,45,3.0,Monster,Dragon,40,ou,6.05329,4.225404008379034
Munchlax,NULL,NULL,0.6,105.0,135,85,40,40,85,5,390,50,3.0,No Eggs Discovered,NULL,40,pu,0.03036,0.001562836990720554
Riolu,NULL,NULL,0.7,20.2,40,70,40,35,40,60,285,75,2.0,No Eggs Discovered,NULL,25,pu,0.01328,0.0006836124663798589
Lucario,NULL,NULL,1.2,54.0,70,110,70,115,70,90,525,45,2.0,Field,Human-Like,25,ru,3.79505,2.2019961993591792
Lucario,Mega,NULL,1.3,57.5,70,145,88,140,70,112,625,45,2.0,Field,Human-Like,25,ru,3.79505,2.2019961993591792
Hippopotas,NULL,NULL,0.8,49.5,68,72,78,38,42,32,330,140,3.0,Field,NULL,30,pu,0.21441,0.011037150455344362
Hippowdon,NULL,NULL,2.0,300.0,108,112,118,68,72,47,525,60,3.0,Field,NULL,30,ru,7.90569,2.420790084974073
Toxicroak,NULL,NULL,1.3,44.4,83,106,65,86,65,85,490,75,1.0,Human-Like,NULL,20,nu,2.85982,1.1323065131983174
Lumineon,NULL,NULL,1.2,24.0,69,69,76,69,86,91,460,75,,Water 2,NULL,20,pu,0.09298,0.004786316809375892
Abomasnow,Mega,NULL,2.7,185.0,90,132,105,132,105,30,594,60,3.0,Monster,Grass,20,pu,0.91078,0.046884080512490565
Abomasnow,NULL,NULL,2.2,135.5,90,92,75,92,85,60,494,60,3.0,Monster,Grass,20,pu,0.91078,0.046884080512490565
Weavile,NULL,NULL,1.1,34.0,70,120,65,45,85,125,510,45,2.0,Field,NULL,20,uu,11.80685,3.4630090325128577
Magnezone,NULL,NULL,1.2,180.0,70,70,115,130,90,60,535,30,1.0,Mineral,NULL,20,ru,7.73989,2.411965170995335
Rhyperior,NULL,NULL,2.4,282.8,115,140,130,55,55,40,535,30,3.0,Monster,Field,20,nu,7.15967,1.3312344810869017
Electivire,NULL,NULL,1.8,138.6,75,123,67,95,85,95,540,30,1.0,Human-Like,NULL,25,pu,0.85196,0.0438562120806144
Magmortar,NULL,NULL,1.6,68.0,75,95,67,125,95,83,540,30,1.0,Human-Like,NULL,25,pu,0.5199,0.026762812362265853
Yanmega,NULL,NULL,1.9,51.5,86,76,86,116,56,95,515,30,1.0,Bug,NULL,20,uu,1.49276,3.0585390101185688
Leafeon,NULL,NULL,1.0,25.5,65,110,130,60,65,95,525,45,1.0,Field,NULL,35,pu,0.42313,0.02178139723654431
Glaceon,NULL,NULL,0.8,25.9,65,60,110,130,95,65,525,45,1.0,Field,NULL,35,pu,0.58252,0.029986291509739537
Gliscor,NULL,NULL,2.0,42.5,75,95,125,45,75,95,510,30,2.0,Bug,NULL,20,ou,11.0182,4.410280437951787
Mamoswine,NULL,NULL,2.5,291.0,110,130,80,70,60,80,530,50,3.0,Field,NULL,20,ru,9.11315,2.4850585994308125
Porygon-Z,NULL,NULL,0.9,34.0,85,80,70,135,75,90,535,30,1.0,Mineral,NULL,20,ru,4.71551,2.250988814317219
Gallade,NULL,NULL,1.6,52.0,68,125,65,65,115,80,518,45,3.0,Human-Like,Amorphous,20,ru,9.25837,2.4927881528268365
Gallade,Mega,NULL,1.6,56.4,68,165,95,65,115,110,618,45,3.0,Amorphous,NULL,20,ru,9.25837,2.4927881528268365
Probopass,NULL,NULL,1.4,340.0,60,55,145,75,150,40,525,60,1.0,Mineral,NULL,20,pu,0.93545,0.04815401450024836
Dusknoir,NULL,NULL,2.2,106.6,45,100,135,65,135,45,525,45,0.0,Amorphous,NULL,25,pu,0.87473,0.045028339176443936
Froslass,NULL,NULL,1.3,26.6,70,80,70,80,70,110,480,75,1.0,Fairy,Mineral,20,pu,1.6413,0.08448894194549614
Rotom,Heat,NULL,0.3,0.3,50,65,107,105,107,86,520,45,1.0,Amorphous,NULL,20,pu,1.33961,0.06895889382243116
Rotom,Fan,NULL,0.3,0.3,50,65,107,105,107,86,520,45,1.0,Amorphous,NULL,20,pu,1.33961,0.06895889382243116
Rotom,Frost,NULL,0.3,0.3,50,65,107,105,107,86,520,45,1.0,Amorphous,NULL,20,pu,1.33961,0.06895889382243116
Rotom,Wash,NULL,0.3,0.3,50,65,107,105,107,86,520,45,1.0,Amorphous,NULL,20,pu,1.33961,0.06895889382243116
Rotom,Mow,NULL,0.3,0.3,50,65,107,105,107,86,520,45,1.0,Amorphous,NULL,20,pu,1.33961,0.06895889382243116
Rotom,NULL,NULL,0.3,0.3,50,50,77,95,77,91,440,45,1.0,Amorphous,NULL,20,pu,1.33961,0.06895889382243116
Uxie,NULL,Sub-Legendary,0.3,0.3,75,75,130,75,130,95,580,3,3.0,No Eggs Discovered,NULL,80,pu,8.56704,0.4410042033675443
Mesprit,NULL,Sub-Legendary,0.3,0.3,80,105,105,105,105,80,580,3,3.0,No Eggs Discovered,NULL,80,pu,1.07396,0.05528406849964295
Azelf,NULL,Sub-Legendary,0.3,0.3,75,125,70,125,70,115,580,3,3.0,No Eggs Discovered,NULL,80,nu,3.32696,1.1539182555936474
Heatran,NULL,Sub-Legendary,1.7,430.0,91,90,106,130,106,77,600,3,3.0,No Eggs Discovered,NULL,10,uu,0.51182,3.020071169091842
Regigigas,NULL,Sub-Legendary,3.7,420.0,110,160,110,80,110,100,670,3,3.0,No Eggs Discovered,NULL,120,pu,0.40606,0.020902687748240563
Cresselia,NULL,Sub-Legendary,1.5,85.6,120,70,110,75,120,85,580,3,3.0,No Eggs Discovered,NULL,120,ru,2.23312,2.1188605569785977
Phione,NULL,Mythical,0.4,3.1,80,80,80,80,80,80,480,30,3.0,Water 1,Fairy,40,pu,0.05123,0.002637158632868231
Manaphy,NULL,Mythical,0.3,1.4,100,100,100,100,100,100,600,3,3.0,Water 1,Fairy,10,uu,4.21732,3.165383414313795
Darkrai,NULL,Mythical,1.5,50.5,70,90,90,135,90,125,600,3,3.0,No Eggs Discovered,NULL,120,ou,8.55177,4.318438951225953
Shaymin,Sky,Mythical,0.4,5.2,100,103,75,120,75,127,600,45,2.0,No Eggs Discovered,NULL,120,pu,2.67352,0.13762437617385453
Shaymin,NULL,Mythical,0.2,2.1,100,100,100,100,100,100,600,45,2.0,No Eggs Discovered,NULL,120,pu,2.67352,0.13762437617385453
Snivy,NULL,NULL,0.6,8.1,45,45,55,45,55,63,308,45,2.0,Field,Grass,20,pu,0.01138,0.0005858064853409877
Servine,NULL,NULL,0.8,16.0,60,60,75,60,75,83,413,45,2.0,Field,Grass,20,pu,0.0778,0.004004898361957163
Serperior,NULL,NULL,3.3,63.0,75,75,95,75,95,113,528,45,2.0,Field,Grass,20,uu,6.36721,3.2496919663292814
Pignite,NULL,NULL,1.0,55.5,90,93,55,70,55,55,418,45,2.0,Field,NULL,20,pu,0.00379,0.00019509723766084918
Emboar,NULL,NULL,1.6,150.0,110,123,65,100,65,65,528,45,2.0,Field,NULL,20,pu,2.70009,0.1389921078487636
Oshawott,NULL,NULL,0.5,5.9,55,55,45,63,45,45,308,45,2.0,Field,NULL,20,pu,0.00569,0.00029290324267049385
Dewott,NULL,NULL,0.8,24.5,75,75,60,83,60,60,413,45,2.0,Field,NULL,20,pu,0.01138,0.0005858064853409877
Samurott,NULL,NULL,1.5,94.6,95,100,85,108,70,70,528,45,2.0,Field,NULL,20,pu,0.3757,0.019339850086338352
Samurott,Hisui,NULL,1.5,58.2,90,108,80,100,65,85,528,55,2.0,Field,NULL,20,pu,0.3757,0.019339850086338352
Zebstrika,NULL,NULL,1.6,79.5,75,100,63,80,63,116,497,75,1.0,Field,NULL,20,pu,0.22959,0.011818568519230719
Drilbur,NULL,NULL,0.3,8.5,60,85,40,30,45,68,328,120,1.0,Field,NULL,20,pu,0.02277,0.0011721277670111887
Excadrill,NULL,NULL,0.7,40.4,110,135,60,50,65,88,508,60,1.0,Field,NULL,20,uu,25.50026,4.0
Gurdurr,NULL,NULL,1.2,40.0,85,105,85,40,50,40,405,90,2.0,Human-Like,NULL,20,pu,0.56544,0.02910706655392492
Conkeldurr,NULL,NULL,1.4,87.0,105,140,95,55,65,45,505,45,2.0,Human-Like,NULL,20,uu,9.5947,3.376258912089326
Leavanny,NULL,NULL,1.2,20.5,75,103,80,70,80,92,500,45,2.0,Bug,NULL,15,pu,1.89936,0.09777305516808217
Cottonee,NULL,NULL,0.3,0.6,40,27,60,37,50,66,280,190,1.0,Grass,Fairy,20,pu,0.03605,0.0018557401854495008
Whimsicott,NULL,NULL,0.7,6.6,60,67,85,77,75,116,480,75,1.0,Grass,Fairy,20,pu,2.25988,0.11633149332705216
Lilligant,NULL,NULL,1.1,16.3,70,60,75,110,75,90,480,75,1.0,Grass,NULL,20,pu,0.28841,0.014846436951106875
Lilligant,Hisui,NULL,1.2,19.2,70,105,75,50,75,105,480,135,1.0,Grass,NULL,20,pu,0.28841,0.014846436951106875
Basculin,Blue-Striped,NULL,1.0,18.0,70,92,65,80,55,98,460,25,1.0,Water 2,NULL,40,pu,1.03981,0.05352613405552459
Basculin,NULL,NULL,1.0,18.0,70,92,65,80,55,98,460,25,1.0,Water 2,NULL,40,pu,1.03981,0.05352613405552459
Basculin,White-Striped,NULL,1.0,18.0,70,92,65,80,55,98,460,235,1.0,Water 2,NULL,40,pu,1.03981,0.05352613405552459
Sandile,NULL,NULL,0.7,15.2,50,72,35,35,35,65,292,180,2.0,Field,NULL,20,pu,0.0019,9.780600500964464e-05
Krokorok,NULL,NULL,1.0,33.4,60,82,45,45,45,74,351,90,2.0,Field,NULL,20,pu,0.12333,0.006348639003767233
Krookodile,NULL,NULL,1.5,96.3,95,117,80,65,70,92,519,45,2.0,Field,NULL,20,ru,13.75778,2.7322747673367624
Scrafty,NULL,NULL,1.1,30.0,65,90,115,45,115,58,488,90,1.0,Field,Dragon,15,nu,7.4245,1.3434865634306439
Zoroark,Hisui,NULL,1.6,73.0,60,105,60,120,60,105,510,115,2.0,Field,NULL,20,pu,8.37729,0.431236437681598
Zoroark,NULL,NULL,1.6,81.1,60,105,60,120,60,105,510,45,2.0,Field,NULL,20,pu,8.37729,0.431236437681598
Cinccino,NULL,NULL,0.5,7.5,75,95,60,65,60,115,470,60,0.0,Field,NULL,15,nu,12.74322,1.5895514801929276
Gothitelle,NULL,NULL,1.5,44.0,70,55,95,95,110,65,490,50,2.0,Human-Like,NULL,20,pu,0.24667,0.012697792707980585
Duosion,NULL,NULL,0.6,8.0,65,40,50,125,60,30,370,100,2.0,Amorphous,NULL,20,pu,0.1499,0.007716379116388538
Reuniclus,NULL,NULL,1.0,20.1,110,65,75,125,85,30,490,50,2.0,Amorphous,NULL,20,ru,4.66863,2.248493580980898
Swanna,NULL,NULL,1.3,24.2,75,87,63,87,63,98,473,45,1.0,Water 1,Flying,20,pu,0.20493,0.010549149231919044
Sawsbuck,Summer,NULL,1.9,92.5,80,100,70,60,70,95,475,75,1.0,Field,NULL,20,pu,0.35672,0.018362819772724973
Sawsbuck,NULL,NULL,1.9,92.5,80,100,70,60,70,95,475,75,1.0,Field,NULL,20,pu,0.35672,0.018362819772724973
Sawsbuck,Winter,NULL,1.9,92.5,80,100,70,60,70,95,475,75,1.0,Field,NULL,20,pu,0.35672,0.018362819772724973
Sawsbuck,Autumn,NULL,1.9,92.5,80,100,70,60,70,95,475,75,1.0,Field,NULL,20,pu,0.35672,0.018362819772724973
Amoonguss,NULL,NULL,0.6,10.5,114,85,70,85,80,30,464,75,1.0,Grass,NULL,20,pu,9.82316,0.5056652824973056
Alomomola,NULL,NULL,1.2,31.6,165,75,80,40,45,65,470,75,0.0,Water 1,Water 2,40,ou,8.13059,4.302755643397051
Galvantula,NULL,NULL,0.8,14.3,70,77,60,97,60,108,472,75,1.0,Bug,NULL,20,nu,8.6843,1.4017698851881701
Eelektrik,NULL,NULL,1.2,22.0,65,85,70,75,70,40,405,60,3.0,Amorphous,NULL,20,pu,0.35103,0.01806991609858056
Eelektross,NULL,NULL,2.1,80.5,85,115,80,105,80,50,515,30,3.0,Amorphous,NULL,20,pu,1.03791,0.05342833023185532
Lampent,NULL,NULL,0.6,13.0,60,40,60,95,60,55,370,90,2.0,Amorphous,NULL,20,pu,0.00949,0.0004885152526897831
Chandelure,NULL,NULL,1.0,34.3,60,55,90,145,90,80,520,45,2.0,Amorphous,NULL,20,nu,16.84261,1.7792053381134314
Fraxure,NULL,NULL,1.0,36.0,66,117,70,40,50,67,410,60,3.0,Monster,Dragon,40,pu,0.15749,0.008107088148331717
Haxorus,NULL,NULL,1.8,105.5,76,147,90,60,70,97,540,45,3.0,Monster,Dragon,40,uu,3.33543,3.130799842252653
Beartic,NULL,NULL,2.6,260.0,95,130,80,70,80,50,505,60,1.0,Field,NULL,20,pu,0.95822,0.04932614159607789
Cryogonal,NULL,NULL,1.1,148.0,80,50,50,95,135,105,515,25,1.0,Mineral,NULL,25,pu,1.14227,0.058800452855390546
Mienfoo,NULL,NULL,0.9,20.0,45,85,50,55,50,65,350,180,2.0,Field,Human-Like,25,pu,0.03605,0.0018557401854495008
Mienshao,NULL,NULL,1.4,35.5,65,125,60,95,60,105,510,45,2.0,Field,Human-Like,25,ru,7.39458,2.3935856102542683
Golurk,NULL,NULL,2.8,330.0,89,124,80,55,80,55,483,90,1.0,Mineral,NULL,25,pu,7.6202,0.3922638537784603
Pawniard,NULL,NULL,0.5,10.2,45,85,70,40,40,60,340,120,1.0,Human-Like,NULL,20,pu,0.03795,0.0019535463103130123
Bisharp,NULL,NULL,1.6,70.0,65,125,100,60,70,70,490,45,1.0,Human-Like,NULL,20,ru,12.39137,2.659545900730149
Rufflet,NULL,NULL,0.5,10.5,70,83,50,37,50,60,350,190,3.0,Flying,NULL,20,pu,0.0019,9.780600500964464e-05
Braviary,Hisui,NULL,1.7,43.4,110,83,70,112,70,65,510,135,3.0,Flying,NULL,20,pu,3.77785,0.19447179013226307
Braviary,NULL,NULL,1.5,41.0,100,123,75,57,75,80,510,60,3.0,Flying,NULL,20,pu,3.77785,0.19447179013226307
Vullaby,NULL,NULL,0.5,9.0,70,55,75,45,65,60,370,190,3.0,Flying,NULL,20,pu,0.55406,0.02852125920563609
Mandibuzz,NULL,NULL,1.2,39.5,110,65,105,55,95,80,510,60,3.0,Flying,NULL,20,uu,10.46473,3.410377404356789
Zweilous,NULL,NULL,1.4,50.0,72,85,70,65,70,58,420,45,3.0,Dragon,NULL,40,pu,0.00379,0.00019509723766084918
Hydreigon,NULL,NULL,1.8,160.0,92,105,90,125,90,98,600,45,3.0,Dragon,NULL,40,uu,3.61714,3.1418471866519866
Cobalion,NULL,Sub-Legendary,2.1,250.0,91,90,129,90,72,108,580,3,3.0,No Eggs Discovered,NULL,80,uu,6.2225,3.244017119588795
Terrakion,NULL,Sub-Legendary,1.9,260.0,91,129,90,72,90,108,580,3,3.0,No Eggs Discovered,NULL,80,nu,9.08155,1.4201481962168598
Virizion,NULL,Sub-Legendary,2.0,200.0,91,90,72,90,129,108,580,3,3.0,No Eggs Discovered,NULL,80,pu,1.25802,0.06475890136298447
Tornadus,Therian,Sub-Legendary,1.5,63.0,79,100,80,110,90,121,580,3,3.0,No Eggs Discovered,NULL,120,nu,8.95833,1.414447578094343
Tornadus,NULL,Sub-Legendary,1.5,63.0,79,115,70,125,80,111,580,3,3.0,No Eggs Discovered,NULL,120,nu,8.95833,1.414447578094343
Thundurus,Therian,Sub-Legendary,3.0,61.0,79,105,70,145,80,101,580,3,3.0,No Eggs Discovered,NULL,120,uu,1.57697,3.061841330964256
Thundurus,NULL,Sub-Legendary,1.5,61.0,79,115,70,125,80,111,580,3,3.0,No Eggs Discovered,NULL,120,uu,1.57697,3.061841330964256
Kyurem,White,Legendary,3.6,325.0,125,120,90,170,100,95,700,3,3.0,No Eggs Discovered,NULL,120,ou,8.93192,4.332594443457222
Kyurem,NULL,Legendary,3.0,325.0,125,130,90,130,90,95,660,3,3.0,No Eggs Discovered,NULL,120,ou,8.93192,4.332594443457222
Kyurem,Black,Legendary,3.3,325.0,125,170,100,120,90,95,700,3,3.0,No Eggs Discovered,NULL,120,ou,8.93192,4.332594443457222
Keldeo,NULL,Mythical,1.4,48.5,91,72,90,129,90,108,580,3,3.0,No Eggs Discovered,NULL,80,uu,7.32442,3.2872292340465
Keldeo,Resolute,Mythical,1.4,48.5,91,72,90,129,90,108,580,3,3.0,No Eggs Discovered,NULL,80,uu,7.32442,3.2872292340465
Meloetta,Pirouette,Mythical,0.6,6.5,100,128,90,77,77,128,600,3,3.0,No Eggs Discovered,NULL,120,nu,4.48008,1.2072661228816868
Meloetta,NULL,Mythical,0.6,6.5,100,77,77,128,128,90,600,3,3.0,No Eggs Discovered,NULL,120,nu,4.48008,1.2072661228816868
Chesnaught,NULL,NULL,1.6,90.0,88,107,122,74,75,64,530,45,2.0,Field,NULL,20,ru,13.69146,2.728744781441072
Delphox,NULL,NULL,1.5,39.0,75,69,72,114,100,104,534,45,2.0,Field,NULL,20,pu,6.06429,0.31217051193974943
Frogadier,NULL,NULL,0.6,10.9,54,63,52,83,56,97,405,45,2.0,Water 1,NULL,20,pu,0.03226,0.0016606430197009718
Greninja,NULL,NULL,1.5,40.0,72,95,67,103,71,122,530,45,2.0,Water 1,NULL,20,uu,15.57107,3.6106239734080905
Greninja,Ash,NULL,1.5,40.0,72,145,67,153,71,132,640,45,2.0,No Eggs Discovered,NULL,20,uu,15.57107,3.6106239734080905
Fletchling,NULL,NULL,0.3,1.7,45,50,43,40,38,62,278,255,2.0,Flying,NULL,15,pu,0.00379,0.00019509723766084918
Fletchinder,NULL,NULL,0.7,16.0,62,73,55,56,52,84,382,120,2.0,Flying,NULL,15,pu,0.11385,0.005860638547406663
Talonflame,NULL,NULL,1.2,24.5,78,81,71,74,69,126,499,45,2.0,Flying,NULL,15,ru,15.71419,2.8364070670376513
Vivillon,Savanna Pattern,NULL,1.2,17.0,80,52,50,90,50,89,411,45,1.0,Bug,NULL,15,pu,0.35483,0.018265528348307584
Vivillon,Fancy Pattern,NULL,1.2,17.0,80,52,50,90,50,89,411,45,1.0,Bug,NULL,15,pu,0.35483,0.018265528348307584
Vivillon,Icy Snow Pattern,NULL,1.2,17.0,80,52,50,90,50,89,411,45,1.0,Bug,NULL,15,pu,0.35483,0.018265528348307584
Vivillon,Garden Pattern,NULL,1.2,17.0,80,52,50,90,50,89,411,45,1.0,Bug,NULL,15,pu,0.35483,0.018265528348307584
Vivillon,Marine Pattern,NULL,1.2,17.0,80,52,50,90,50,89,411,45,1.0,Bug,NULL,15,pu,0.35483,0.018265528348307584
Vivillon,Archipelago Pattern,NULL,1.2,17.0,80,52,50,90,50,89,411,45,1.0,Bug,NULL,15,pu,0.35483,0.018265528348307584
Vivillon,NULL,NULL,1.2,17.0,80,52,50,90,50,89,411,45,1.0,Bug,NULL,15,pu,0.35483,0.018265528348307584
Vivillon,Polar Pattern,NULL,1.2,17.0,80,52,50,90,50,89,411,45,1.0,Bug,NULL,15,pu,0.35483,0.018265528348307584
Vivillon,Tundra Pattern,NULL,1.2,17.0,80,52,50,90,50,89,411,45,1.0,Bug,NULL,15,pu,0.35483,0.018265528348307584
Vivillon,Sandstorm Pattern,NULL,1.2,17.0,80,52,50,90,50,89,411,45,1.0,Bug,NULL,15,pu,0.35483,0.018265528348307584
Vivillon,Pok√© Ball Pattern,NULL,1.2,17.0,80,52,50,90,50,89,411,45,1.0,Bug,NULL,15,pu,0.35483,0.018265528348307584
Vivillon,High Plains Pattern,NULL,1.2,17.0,80,52,50,90,50,89,411,45,1.0,Bug,NULL,15,pu,0.35483,0.018265528348307584
Vivillon,River Pattern,NULL,1.2,17.0,80,52,50,90,50,89,411,45,1.0,Bug,NULL,15,pu,0.35483,0.018265528348307584
Vivillon,Monsoon Pattern,NULL,1.2,17.0,80,52,50,90,50,89,411,45,1.0,Bug,NULL,15,pu,0.35483,0.018265528348307584
Vivillon,Elegant Pattern,NULL,1.2,17.0,80,52,50,90,50,89,411,45,1.0,Bug,NULL,15,pu,0.35483,0.018265528348307584
Vivillon,Sun Pattern,NULL,1.2,17.0,80,52,50,90,50,89,411,45,1.0,Bug,NULL,15,pu,0.35483,0.018265528348307584
Vivillon,Modern Pattern,NULL,1.2,17.0,80,52,50,90,50,89,411,45,1.0,Bug,NULL,15,pu,0.35483,0.018265528348307584
Vivillon,Ocean Pattern,NULL,1.2,17.0,80,52,50,90,50,89,411,45,1.0,Bug,NULL,15,pu,0.35483,0.018265528348307584
Vivillon,Continental Pattern,NULL,1.2,17.0,80,52,50,90,50,89,411,45,1.0,Bug,NULL,15,pu,0.35483,0.018265528348307584
Vivillon,Jungle Pattern,NULL,1.2,17.0,80,52,50,90,50,89,411,45,1.0,Bug,NULL,15,pu,0.35483,0.018265528348307584
Pyroar,NULL,NULL,1.5,81.5,86,68,72,109,66,106,507,65,2.0,Field,NULL,20,pu,0.32447,0.01670269222053487
Floette,Yellow Flower,NULL,0.2,0.9,54,45,47,75,98,52,371,120,1.0,Fairy,NULL,20,pu,0.0019,9.780600500964464e-05
Floette,NULL,NULL,0.2,0.9,54,45,47,75,98,52,371,120,1.0,Fairy,NULL,20,pu,0.0019,9.780600500964464e-05
Floette,Blue Flower,NULL,0.2,0.9,54,45,47,75,98,52,371,120,1.0,Fairy,NULL,20,pu,0.0019,9.780600500964464e-05
Floette,Orange Flower,NULL,0.2,0.9,54,45,47,75,98,52,371,120,1.0,Fairy,NULL,20,pu,0.0019,9.780600500964464e-05
Floette,White Flower,NULL,0.2,0.9,54,45,47,75,98,52,371,120,1.0,Fairy,NULL,20,pu,0.0019,9.780600500964464e-05
Florges,NULL,NULL,1.1,10.0,78,65,68,112,154,75,552,45,1.0,Fairy,NULL,20,pu,13.05453,0.6720060100566239
Florges,White Flower,NULL,1.1,10.0,78,65,68,112,154,75,552,45,1.0,Fairy,NULL,20,pu,13.05453,0.6720060100566239
Florges,Blue Flower,NULL,1.1,10.0,78,65,68,112,154,75,552,45,1.0,Fairy,NULL,20,pu,13.05453,0.6720060100566239
Florges,Orange Flower,NULL,1.1,10.0,78,65,68,112,154,75,552,45,1.0,Fairy,NULL,20,pu,13.05453,0.6720060100566239
Florges,Yellow Flower,NULL,1.1,10.0,78,65,68,112,154,75,552,45,1.0,Fairy,NULL,20,pu,13.05453,0.6720060100566239
Skiddo,NULL,NULL,0.9,31.0,66,65,48,62,57,52,350,200,1.0,Field,NULL,20,pu,0.0019,9.780600500964464e-05
Gogoat,NULL,NULL,1.7,91.0,123,100,62,97,81,68,531,45,1.0,Field,NULL,20,pu,0.2998,0.015432758232777077
Meowstic,Female,NULL,0.6,8.5,74,48,76,83,81,104,466,75,1.0,Field,NULL,20,pu,0.2277,0.011721277094813326
Meowstic,NULL,NULL,0.6,8.5,74,48,76,83,81,104,466,75,1.0,Field,NULL,20,pu,0.2277,0.011721277094813326
Malamar,NULL,NULL,1.5,47.0,86,92,88,68,75,73,482,80,1.0,Water 1,Water 2,20,pu,2.92019,0.15032216964889986
Dragalge,NULL,NULL,1.8,81.5,65,75,90,97,123,44,494,55,1.0,Water 1,Dragon,20,nu,3.79777,1.175699774534277
Clawitzer,NULL,NULL,1.3,35.3,71,73,88,120,89,59,500,55,3.0,Water 1,Water 3,15,pu,1.51417,0.07794469529439037
Sylveon,NULL,NULL,1.0,23.5,95,65,65,110,130,60,525,45,1.0,Field,NULL,35,nu,7.84014,1.3627156984976805
Hawlucha,NULL,NULL,0.8,21.5,78,92,75,74,63,118,500,100,1.0,Flying,Human-Like,20,uu,4.06194,3.159290151898204
Dedenne,NULL,NULL,0.2,2.2,67,58,57,81,67,101,431,180,1.0,Field,Fairy,20,pu,0.25616,0.013186307864787276
Carbink,NULL,NULL,0.3,5.7,50,50,150,50,150,50,500,60,3.0,Fairy,Mineral,25,pu,0.79124,0.04073053675680999
Sliggoo,NULL,NULL,0.8,17.5,68,75,53,83,113,60,452,45,3.0,Dragon,NULL,40,pu,0.00569,0.00029290324267049385
Sliggoo,Hisui,NULL,0.7,68.5,58,75,83,83,113,40,452,105,3.0,Dragon,NULL,40,pu,0.00569,0.00029290324267049385
Goodra,Hisui,NULL,1.7,334.1,80,100,100,110,150,60,600,55,3.0,Dragon,NULL,40,pu,11.04512,0.5685679301249915
Goodra,NULL,NULL,2.0,150.5,90,100,70,110,150,80,600,45,3.0,Dragon,NULL,40,pu,11.04512,0.5685679301249915
Klefki,NULL,NULL,0.2,3.0,57,80,91,80,87,75,470,75,0.0,Mineral,NULL,20,nu,9.968,1.4611588943452498
Trevenant,NULL,NULL,1.5,71.0,85,110,76,65,82,56,474,60,1.0,Grass,Amorphous,20,pu,0.99996,0.051474785072139435
Avalugg,Hisui,NULL,1.4,262.4,95,127,184,34,36,38,514,135,1.0,Monster,Mineral,20,nu,4.77802,1.2210499885153756
Avalugg,NULL,NULL,2.0,505.0,95,117,184,44,46,28,514,55,1.0,Monster,Mineral,20,nu,4.77802,1.2210499885153756
Noivern,NULL,NULL,1.5,85.0,85,70,80,97,80,123,535,45,1.0,Flying,Dragon,20,ru,12.99396,2.6916195245549295
Diancie,NULL,Mythical,0.7,8.8,50,100,150,100,150,50,600,3,3.0,No Eggs Discovered,NULL,25,nu,1.2506,1.057857672589462
Diancie,Mega,Mythical,1.1,27.8,50,160,110,160,110,110,700,3,3.0,No Eggs Discovered,NULL,25,nu,1.2506,1.057857672589462
Hoopa,NULL,Mythical,0.5,9.0,80,110,60,150,130,70,600,3,3.0,No Eggs Discovered,NULL,120,pu,9.30325,0.4789019638723058
Hoopa,Unbound,Mythical,6.5,490.0,80,160,60,170,130,80,680,3,3.0,No Eggs Discovered,NULL,120,pu,9.30325,0.4789019638723058
Volcanion,NULL,Mythical,1.7,195.0,80,110,120,130,90,70,600,3,3.0,No Eggs Discovered,NULL,120,ru,0.73523,2.0391335226479597
Rowlet,NULL,NULL,0.3,1.5,68,55,55,50,50,40,318,45,2.0,Flying,NULL,15,pu,0.0019,9.780600500964464e-05
Dartrix,NULL,NULL,0.7,16.0,78,75,75,70,70,52,420,45,2.0,Flying,NULL,15,pu,0.01708,0.0008792244763991482
Decidueye,Hisui,NULL,1.6,37.0,88,112,80,95,95,60,530,55,2.0,Flying,NULL,15,nu,5.33711,1.2469156966799066
Decidueye,NULL,NULL,1.6,36.6,78,107,75,100,100,70,530,45,2.0,Flying,NULL,15,nu,5.33711,1.2469156966799066
Torracat,NULL,NULL,0.7,25.0,65,85,50,80,50,90,420,45,2.0,Field,NULL,15,pu,0.03985,0.002051352243410337
Incineroar,NULL,NULL,1.8,83.0,95,115,90,80,90,60,530,45,2.0,Field,NULL,15,nu,19.41001,1.897983356427591
Brionne,NULL,NULL,0.6,17.5,60,69,69,91,81,50,420,45,2.0,Water 1,Field,15,pu,0.00379,0.00019509723766084918
Primarina,NULL,NULL,1.8,44.0,80,74,74,126,116,60,530,45,2.0,Water 1,Field,15,ou,6.06876,4.225980059810058
Toucannon,NULL,NULL,1.1,26.0,80,120,75,75,75,60,485,45,1.0,Flying,NULL,15,pu,0.26754,0.013772115213076105
Gumshoos,NULL,NULL,0.7,14.2,88,110,60,55,60,45,418,127,1.0,Field,NULL,15,pu,0.21062,0.010842052906063458
Charjabug,NULL,NULL,0.5,10.5,57,82,95,55,75,36,400,120,1.0,Bug,NULL,15,pu,0.29031,0.014944242308905639
Vikavolt,NULL,NULL,1.5,45.0,77,70,90,145,75,43,500,45,1.0,Bug,NULL,15,pu,2.79686,0.14397352450861464
Crabominable,NULL,NULL,1.7,180.0,97,132,77,62,67,43,478,60,1.0,Water 3,NULL,20,pu,0.49144,0.025297780058162408
Oricorio,NULL,NULL,0.6,3.4,75,70,70,98,70,93,476,45,1.0,Flying,NULL,20,pu,1.61474,0.08312171960157995
Oricorio,Pom-Pom,NULL,0.6,3.4,75,70,70,98,70,93,476,45,1.0,Flying,NULL,20,pu,1.61474,0.08312171960157995
Oricorio,Pa'u,NULL,0.6,3.4,75,70,70,98,70,93,476,45,1.0,Flying,NULL,20,pu,1.61474,0.08312171960157995
Oricorio,Sensu,NULL,0.6,3.4,75,70,70,98,70,93,476,45,1.0,Flying,NULL,20,pu,1.61474,0.08312171960157995
Cutiefly,NULL,NULL,0.1,0.2,40,45,40,55,40,84,304,190,1.0,Bug,Fairy,20,pu,0.02656,0.0013672249327597178
Ribombee,NULL,NULL,0.2,0.5,60,55,60,96,70,124,465,75,1.0,Bug,Fairy,20,nu,8.63648,1.3995575397331383
Lycanroc,Dusk,NULL,0.8,25.0,75,117,65,55,65,110,487,90,1.0,Field,NULL,15,pu,1.52746,0.07862881886560034
Lycanroc,NULL,NULL,0.8,25.0,75,115,65,55,65,112,487,90,1.0,Field,NULL,15,pu,1.52746,0.07862881886560034
Lycanroc,Midnight,NULL,1.1,25.0,85,115,75,55,75,82,487,90,1.0,Field,NULL,15,pu,1.52746,0.07862881886560034
Mareanie,NULL,NULL,0.4,8.0,50,53,62,43,52,45,305,190,1.0,Water 1,NULL,20,pu,0.01897,0.0009765157090503528
Toxapex,NULL,NULL,0.7,14.5,50,63,152,53,142,35,495,75,1.0,Water 1,NULL,20,uu,9.29104,3.3643508199271777
Mudbray,NULL,NULL,1.0,110.0,70,100,70,45,55,45,385,190,1.0,Field,NULL,20,pu,0.04364,0.002246449409158866
Mudsdale,NULL,NULL,2.5,920.0,100,125,100,55,85,35,500,60,1.0,Field,NULL,20,pu,13.59151,0.6996480289651503
Dewpider,NULL,NULL,0.3,4.0,38,40,52,40,72,27,269,200,1.0,Water 1,Bug,15,pu,0.02277,0.0011721277670111887
Araquanid,NULL,NULL,1.8,82.0,68,70,92,50,132,42,454,100,1.0,Water 1,Bug,15,nu,9.60202,1.4442272136095138
Lurantis,NULL,NULL,0.9,18.5,70,105,90,80,90,45,480,75,1.0,Grass,NULL,20,pu,1.43069,0.07364740834226728
Salandit,NULL,NULL,0.6,4.8,48,44,40,71,40,77,320,120,1.0,Monster,Dragon,20,pu,0.02087,0.0010743217380307707
Salazzle,NULL,NULL,1.2,22.2,68,64,60,111,60,117,480,45,1.0,Monster,Dragon,20,pu,12.01662,0.6185776552786966
Tsareena,NULL,NULL,1.2,21.4,72,120,98,50,98,72,510,45,2.0,Grass,NULL,20,nu,12.06643,1.5582405025950488
Comfey,NULL,NULL,0.1,0.3,51,52,90,82,110,100,485,60,0.0,Grass,NULL,20,uu,4.01983,3.157638797470059
Oranguru,NULL,NULL,1.5,76.0,90,60,80,90,110,60,490,45,3.0,Field,NULL,20,pu,0.04933,0.0025393526997709065
Passimian,NULL,NULL,2.0,82.8,100,120,90,40,60,80,490,45,3.0,Field,NULL,20,pu,1.78741,0.09201022658086276
Palossand,NULL,NULL,1.3,250.0,85,75,110,100,75,35,480,60,1.0,Amorphous,NULL,15,pu,6.6506,0.3423518956293166
Minior,Violet Core,NULL,0.3,0.3,60,100,60,100,60,120,500,30,2.0,Mineral,NULL,25,pu,2.77788,0.14299649266087178
Minior,Blue Core,NULL,0.3,0.3,60,100,60,100,60,120,500,30,2.0,Mineral,NULL,25,pu,2.77788,0.14299649266087178
Minior,Indigo Core,NULL,0.3,0.3,60,100,60,100,60,120,500,30,2.0,Mineral,NULL,25,pu,2.77788,0.14299649266087178
Minior,NULL,NULL,0.3,40.0,60,60,100,60,100,60,440,30,2.0,Mineral,NULL,25,pu,2.77788,0.14299649266087178
Minior,Yellow Core,NULL,0.3,0.3,60,100,60,100,60,120,500,30,2.0,Mineral,NULL,25,pu,2.77788,0.14299649266087178
Minior,Green Core,NULL,0.3,0.3,60,100,60,100,60,120,500,30,2.0,Mineral,NULL,25,pu,2.77788,0.14299649266087178
Minior,Orange Core,NULL,0.3,0.3,60,100,60,100,60,120,500,30,2.0,Mineral,NULL,25,pu,2.77788,0.14299649266087178
Minior,Red Core,NULL,0.3,0.3,60,100,60,100,60,120,500,30,2.0,Mineral,NULL,25,pu,2.77788,0.14299649266087178
Komala,NULL,NULL,0.4,19.9,65,115,65,75,95,65,480,45,3.0,Field,NULL,20,pu,1.44207,0.07423321262229712
Mimikyu,NULL,NULL,0.2,0.7,55,90,80,50,105,96,476,45,1.0,Amorphous,NULL,20,ru,12.04949,2.6413489254664455
Bruxish,NULL,NULL,0.9,19.0,68,105,70,70,70,92,475,80,1.0,Water 2,NULL,15,pu,8.77576,0.45174841179550684
Hakamo-o,NULL,NULL,1.2,47.0,55,75,90,65,70,65,420,45,3.0,Dragon,NULL,40,pu,0.01138,0.0005858064853409877
Kommo-o,NULL,NULL,1.6,78.2,75,110,125,100,105,85,600,45,3.0,Dragon,NULL,40,ou,1.05219,4.039179989021234
Cosmoem,NULL,Legendary,0.1,999.9,43,29,131,29,131,37,400,45,3.0,No Eggs Discovered,NULL,120,pu,0.31308,0.016116370938864668
Necrozma,NULL,Legendary,2.4,230.0,97,107,101,127,89,79,600,255,3.0,No Eggs Discovered,NULL,120,ru,2.9592,2.157507054946503
Necrozma,Dawn Wings,Legendary,4.2,350.0,97,113,109,157,127,77,680,255,3.0,No Eggs Discovered,NULL,120,ru,2.9592,2.157507054946503
Necrozma,Ultra,Legendary,7.5,230.0,97,167,97,167,97,129,754,255,3.0,No Eggs Discovered,NULL,120,ru,2.9592,2.157507054946503
Necrozma,Dusk Mane,Legendary,3.8,460.0,97,157,127,113,109,77,680,255,3.0,No Eggs Discovered,NULL,120,ru,2.9592,2.157507054946503
Grookey,NULL,NULL,0.3,5.0,50,65,50,40,40,65,310,45,2.0,Field,Grass,20,nu,0.16368,1.007572480504817
Thwackey,NULL,NULL,0.7,14.0,70,85,70,55,60,80,420,45,2.0,Field,Grass,20,pu,2.45721,0.1264894188265819
Rillaboom,NULL,NULL,2.1,90.0,100,125,90,60,70,85,530,45,2.0,Field,Grass,20,ou,7.175,4.267172699874559
Raboot,NULL,NULL,0.6,9.0,65,86,50,55,60,94,410,45,2.0,Field,Human-Like,20,pu,0.03415,0.0017579342523521765
Cinderace,NULL,NULL,1.4,33.0,80,116,75,65,75,119,530,45,2.0,Field,Human-Like,20,ou,11.49422,4.4280058048683
Inteleon,NULL,NULL,1.9,45.2,70,85,65,125,65,120,530,45,2.0,Water 1,Field,20,pu,0.13282,0.006837154160573923
Skwovet,NULL,NULL,0.3,2.5,70,55,55,35,35,25,275,255,1.0,Field,NULL,20,pu,0.01138,0.0005858064853409877
Greedent,NULL,NULL,0.6,6.0,120,95,95,55,75,20,460,90,1.0,Field,NULL,20,pu,0.19164,0.00986502259245008
Corvisquire,NULL,NULL,0.8,16.0,68,67,55,43,55,77,365,120,2.0,Flying,NULL,15,pu,0.02087,0.0010743217380307707
Corviknight,NULL,NULL,2.2,75.0,98,87,105,53,85,67,495,45,2.0,Flying,NULL,15,ou,11.59446,4.431738393708026
Drednaw,NULL,NULL,1.0,115.5,90,115,90,48,68,74,485,75,1.0,Monster,Water 1,20,pu,0.18975,0.009767731168032688
Carkol,NULL,NULL,1.1,78.0,80,60,90,60,70,50,410,120,2.0,Mineral,NULL,15,pu,0.04364,0.002246449409158866
Coalossal,NULL,NULL,2.8,310.5,110,80,120,80,90,30,510,45,2.0,Mineral,NULL,15,pu,7.86308,0.404766542800642
Flapple,NULL,NULL,0.3,1.0,70,110,80,95,60,70,485,45,,Grass,Dragon,20,pu,0.46488,0.023930554645987222
Appletun,NULL,NULL,0.4,13.0,110,85,80,100,80,30,485,45,,Grass,Dragon,20,pu,0.41554,0.021390688204601133
Sandaconda,NULL,NULL,3.8,65.5,72,107,125,65,70,71,510,120,1.0,Field,Dragon,20,pu,1.46674,0.07550314661005492
Cramorant,NULL,NULL,0.8,18.0,70,85,55,85,95,85,475,45,1.0,Water 1,Flying,20,pu,9.08315,0.4675718897991336
Barraskewda,NULL,NULL,1.3,30.0,61,123,60,60,50,136,490,60,3.0,Water 2,NULL,20,nu,6.893,1.3188972898668905
Toxtricity,Low Key Gigantamax,NULL,24.0,0.0,75,98,70,114,70,75,502,45,2.0,Human-Like,NULL,25,nu,10.33214,1.478005422083993
Toxtricity,Low Key,NULL,1.6,40.0,75,98,70,114,70,75,502,45,2.0,Human-Like,NULL,25,nu,10.33214,1.478005422083993
Toxtricity,NULL,NULL,1.6,40.0,75,98,70,114,70,75,502,45,2.0,Human-Like,NULL,25,nu,10.33214,1.478005422083993
Sinistea,NULL,NULL,0.1,0.2,40,45,45,74,54,50,308,120,1.0,Mineral,Amorphous,20,pu,0.01897,0.0009765157090503528
Sinistea,Antique,NULL,0.1,0.2,40,45,45,74,54,50,308,120,1.0,Mineral,Amorphous,20,pu,0.01897,0.0009765157090503528
Polteageist,Antique,NULL,0.2,0.4,60,65,65,134,114,70,508,60,1.0,Mineral,Amorphous,20,ou,1.44081,4.053650881973217
Polteageist,NULL,NULL,0.2,0.4,60,65,65,134,114,70,508,60,1.0,Mineral,Amorphous,20,ou,1.44081,4.053650881973217
Hattrem,NULL,NULL,0.6,4.8,57,40,65,86,73,49,370,120,3.0,Fairy,NULL,20,pu,0.5996,0.030865516465554153
Hatterene,NULL,NULL,2.1,5.1,57,90,95,136,103,29,510,45,3.0,Fairy,NULL,20,ou,12.04824,4.448635630095826
Grimmsnarl,NULL,NULL,1.5,61.0,95,120,65,95,75,60,510,45,1.0,Fairy,Human-Like,20,pu,8.80043,0.4530183764658546
Perrserker,NULL,NULL,0.8,28.0,70,110,100,50,60,50,440,90,1.0,Field,NULL,20,pu,1.0436,0.053721232371870244
Alcremie,Rainbow Swirl,NULL,0.3,0.5,65,60,75,110,121,64,495,100,1.0,Fairy,Amorphous,20,pu,2.49896,0.12863857470189533
Alcremie,Matcha Cream,NULL,0.3,0.5,65,60,75,110,121,64,495,100,1.0,Fairy,Amorphous,20,pu,2.49896,0.12863857470189533
Alcremie,Ruby Cream,NULL,0.3,0.5,65,60,75,110,121,64,495,100,1.0,Fairy,Amorphous,20,pu,2.49896,0.12863857470189533
Alcremie,Salted Cream,NULL,0.3,0.5,65,60,75,110,121,64,495,100,1.0,Fairy,Amorphous,20,pu,2.49896,0.12863857470189533
Alcremie,NULL,NULL,0.3,0.5,65,60,75,110,121,64,495,100,1.0,Fairy,Amorphous,20,pu,2.49896,0.12863857470189533
Alcremie,Lemon Cream,NULL,0.3,0.5,65,60,75,110,121,64,495,100,1.0,Fairy,Amorphous,20,pu,2.49896,0.12863857470189533
Alcremie,Caramel Swirl,NULL,0.3,0.5,65,60,75,110,121,64,495,100,1.0,Fairy,Amorphous,20,pu,2.49896,0.12863857470189533
Alcremie,Ruby Swirl,NULL,0.3,0.5,65,60,75,110,121,64,495,100,1.0,Fairy,Amorphous,20,pu,2.49896,0.12863857470189533
Alcremie,Mint Cream,NULL,0.3,0.5,65,60,75,110,121,64,495,100,1.0,Fairy,Amorphous,20,pu,2.49896,0.12863857470189533
Falinks,NULL,NULL,3.0,62.0,60,100,100,70,60,75,465,45,1.0,Fairy,Mineral,25,pu,0.71724,0.03692125026104748
Pincurchin,NULL,NULL,0.3,1.0,48,101,95,91,85,15,435,75,1.0,Water 1,Amorphous,20,pu,0.41934,0.021586300454328154
Frosmoth,NULL,NULL,1.3,42.0,70,65,60,125,90,65,475,75,1.0,Bug,NULL,20,pu,11.45308,0.5895684201627719
Stonjourner,NULL,NULL,2.5,520.0,100,125,135,20,20,70,470,60,3.0,Mineral,NULL,25,pu,0.11385,0.005860638547406663
Eiscue,NULL,NULL,1.4,89.0,75,80,110,65,90,50,470,60,3.0,Water 1,Field,25,pu,0.63375,0.032623450909672516
Eiscue,Noice,NULL,1.4,89.0,75,80,70,65,50,130,470,60,3.0,Water 1,Field,25,pu,0.63375,0.032623450909672516
Indeedee,NULL,NULL,0.9,28.0,60,65,55,105,95,95,475,30,0.0,Fairy,NULL,40,nu,3.09707,1.1432826352390633
Indeedee,Female,NULL,0.9,28.0,70,55,65,95,105,85,475,30,0.0,Fairy,NULL,40,nu,3.09707,1.1432826352390633
Morpeko,NULL,NULL,0.3,3.0,58,95,58,70,58,97,436,180,1.0,Field,Fairy,10,pu,1.28079,0.06593102539055501
Copperajah,NULL,NULL,3.0,650.0,122,130,69,80,69,30,500,90,1.0,Field,Mineral,25,nu,7.53301,1.3485066635087994
Duraludon,NULL,NULL,1.8,40.0,70,95,115,120,50,85,535,45,1.0,Mineral,Dragon,30,nu,8.47832,1.3922404265309207
Drakloak,NULL,NULL,1.4,11.0,68,80,50,60,50,102,410,45,3.0,Amorphous,Dragon,40,pu,0.10246,0.005274317265736462
Dragapult,NULL,NULL,3.0,50.0,88,120,75,100,75,142,600,45,3.0,Amorphous,Dragon,40,ou,15.81891,4.589042604403751
Zamazenta,NULL,Legendary,2.9,210.0,92,120,115,80,115,138,660,10,3.0,No Eggs Discovered,NULL,120,ou,11.43472,4.425790236099588
Zamazenta,Crowned,Legendary,2.9,785.0,92,120,140,80,140,128,700,10,3.0,No Eggs Discovered,NULL,120,ou,11.43472,4.425790236099588
Zarude,NULL,Mythical,1.8,70.0,105,120,105,70,95,105,600,3,3.0,No Eggs Discovered,NULL,120,uu,5.84649,3.2292717816998118
Zarude,Dada,Mythical,1.8,70.0,105,120,105,70,95,105,600,3,3.0,No Eggs Discovered,NULL,120,uu,5.84649,3.2292717816998118
Regidrago,NULL,Sub-Legendary,2.1,200.0,200,100,50,100,50,80,580,3,3.0,No Eggs Discovered,NULL,120,ru,4.39307,2.233826566232641
Glastrier,NULL,Sub-Legendary,2.2,800.0,100,145,130,65,110,30,580,3,3.0,No Eggs Discovered,NULL,120,pu,1.51987,0.07823811290191615
Calyrex,Ice Rider,Legendary,1.1,7.7,100,165,150,85,130,50,680,3,3.0,No Eggs Discovered,NULL,120,pu,0.01897,0.0009765157090503528
Calyrex,NULL,Legendary,1.1,7.7,100,80,80,80,80,80,500,3,3.0,No Eggs Discovered,NULL,120,pu,0.01897,0.0009765157090503528
Calyrex,Shadow Rider,Legendary,1.1,7.7,100,85,80,165,100,150,680,3,3.0,No Eggs Discovered,NULL,120,pu,0.01897,0.0009765157090503528
Wyrdeer,NULL,NULL,1.8,95.1,103,105,72,105,75,65,525,135,3.0,Field,NULL,20,pu,0.42313,0.02178139723654431
Kleavor,NULL,NULL,1.8,89.0,70,130,95,45,75,85,500,115,1.0,Bug,NULL,25,ru,12.41882,2.661006990632964
Ursaluna,NULL,NULL,2.4,290.0,130,140,105,45,80,50,550,75,1.0,Field,NULL,20,ou,3.11756,4.116087369475336
Ursaluna,Bloodmoon,NULL,2.4,290.0,113,70,120,135,65,52,555,20,1.0,Field,NULL,20,ou,3.11756,4.116087369475336
Basculegion,Female,NULL,3.0,110.0,120,92,65,100,75,78,530,135,1.0,Water 2,NULL,40,nu,8.80384,1.407300241437425
Basculegion,NULL,NULL,3.0,110.0,120,112,65,80,75,78,530,135,1.0,Water 2,NULL,40,nu,8.80384,1.407300241437425
Overqwil,NULL,NULL,2.5,60.5,85,115,95,65,65,85,510,135,1.0,Water 2,NULL,20,nu,7.05852,1.326554882694908
Enamorus,NULL,Sub-Legendary,1.6,48.0,74,115,70,135,80,106,580,3,3.0,No Eggs Discovered,NULL,120,ou,4.78593,4.178211825419857
Enamorus,Therian,Sub-Legendary,1.6,48.0,74,115,110,135,100,46,580,3,3.0,No Eggs Discovered,NULL,120,ou,4.78593,4.178211825419857
Floragato,NULL,NULL,0.9,12.2,61,80,63,60,63,83,410,45,2.0,Field,Grass,20,pu,0.01708,0.0008792244763991482
Meowscarada,NULL,NULL,1.5,31.2,76,110,70,81,70,123,530,45,2.0,Field,Grass,20,ou,4.72621,4.17598805347138
Crocalor,NULL,NULL,1.0,30.7,81,55,78,49,58,90,411,45,2.0,Field,NULL,20,pu,0.26944,0.013869920570874867
Skeledirge,NULL,NULL,1.6,326.5,104,75,100,110,75,66,530,45,2.0,Field,NULL,20,uu,14.2414,3.558480584136406
Quaxwell,NULL,NULL,1.2,21.5,70,85,65,65,60,65,410,45,2.0,Flying,Water 1,20,pu,0.18595,0.009572118918305665
Quaquaval,NULL,NULL,1.8,61.9,85,120,80,85,75,85,530,45,2.0,Flying,Water 1,20,ou,2.37116,4.088293966593243
Oinkologne,Female,NULL,1.0,120.0,115,90,70,59,90,65,489,100,1.0,Field,NULL,15,pu,0.04174,0.0021486434760615413
Oinkologne,NULL,NULL,1.0,120.0,110,100,75,59,80,65,489,100,1.0,Field,NULL,15,pu,0.04174,0.0021486434760615413
Tarountula,NULL,NULL,0.3,4.0,35,41,45,29,40,20,210,255,,Bug,NULL,15,pu,0.00949,0.0004885152526897831
Spidops,NULL,NULL,1.0,16.5,60,79,92,52,86,35,404,120,,Bug,NULL,15,pu,1.62423,0.08361023552545138
Nymble,NULL,NULL,0.2,1.0,33,46,40,21,25,45,210,190,1.0,Bug,NULL,20,pu,0.00379,0.00019509723766084918
Lokix,NULL,NULL,1.0,17.5,71,102,78,52,55,92,450,30,1.0,Bug,NULL,20,uu,19.21489,3.75351741428986
Pawmot,NULL,NULL,0.9,41.0,70,115,70,70,60,105,490,45,1.0,Field,NULL,15,pu,10.6865,0.5501072712436189
Maushold,Family of Three,NULL,0.3,2.3,74,75,70,65,75,111,470,75,0.0,Field,Fairy,10,ru,9.60254,2.511107004023581
Maushold,NULL,NULL,0.3,2.8,74,75,70,65,75,111,470,75,0.0,Field,Fairy,10,ru,9.60254,2.511107004023581
Dachsbun,NULL,NULL,0.5,14.9,57,80,115,50,80,95,477,90,2.0,Field,Mineral,20,pu,0.96581,0.04971685062802107
Dolliv,NULL,NULL,0.6,11.9,52,53,60,78,78,33,354,120,2.0,Grass,NULL,20,pu,0.01328,0.0006836124663798589
Arboliva,NULL,NULL,1.4,48.2,78,69,90,125,109,39,510,45,2.0,Grass,NULL,20,pu,1.69823,0.08741952202121389
Squawkabilly,NULL,NULL,0.6,2.4,82,96,51,45,51,92,417,190,,Flying,NULL,15,pu,0.21062,0.010842052906063458
Squawkabilly,Blue Plumage,NULL,0.6,2.4,82,96,51,45,51,92,417,190,,Flying,NULL,15,pu,0.21062,0.010842052906063458
Squawkabilly,White Plumage,NULL,0.6,2.4,82,96,51,45,51,92,417,190,,Flying,NULL,15,pu,0.21062,0.010842052906063458
Squawkabilly,Yellow Plumage,NULL,0.6,2.4,82,96,51,45,51,92,417,190,,Flying,NULL,15,pu,0.21062,0.010842052906063458
Naclstack,NULL,NULL,0.6,105.0,60,60,100,35,65,35,355,120,2.0,Mineral,NULL,20,pu,0.45729,0.023539845614044045
Garganacl,NULL,NULL,2.3,240.0,100,100,130,45,90,35,500,45,2.0,Mineral,NULL,20,ou,6.693,4.2492246397099525
Armarouge,NULL,NULL,1.5,85.0,85,60,100,125,80,75,525,25,3.0,Human-Like,NULL,35,ru,13.87212,2.7383606453526084
Ceruledge,NULL,NULL,1.6,62.0,75,125,80,60,100,85,525,25,3.0,Human-Like,NULL,35,ou,8.02818,4.298942230154093
Tadbulb,NULL,NULL,0.3,0.4,61,31,41,59,35,45,272,190,1.0,Water 1,NULL,20,pu,0.00379,0.00019509723766084918
Bellibolt,NULL,NULL,1.2,113.0,109,64,91,103,83,45,495,50,1.0,Water 1,NULL,20,nu,8.60338,1.3980261976504302
Kilowattrel,NULL,NULL,1.4,38.6,70,70,60,105,60,125,490,90,2.0,Water 1,Flying,20,nu,6.69989,1.3099632624380952
Mabosstiff,NULL,NULL,1.1,61.0,80,120,90,60,70,85,505,75,2.0,Field,NULL,20,pu,0.90888,0.046786273620562306
Shroodle,NULL,NULL,0.2,0.7,40,65,35,40,35,75,290,190,2.0,Field,NULL,20,pu,0.02846,0.0014650309617401359
Grafaiai,NULL,NULL,0.7,27.2,63,95,65,80,72,110,485,90,2.0,Field,NULL,20,pu,3.08337,0.15872215456779326
Bramblin,NULL,NULL,0.6,0.6,40,65,30,45,35,60,275,190,1.0,Grass,NULL,20,pu,0.0019,9.780600500964464e-05
Brambleghast,NULL,NULL,1.2,6.0,55,115,70,80,70,90,480,45,1.0,Grass,NULL,20,nu,10.04156,1.464562058136466
Toedscruel,NULL,NULL,1.9,58.0,80,70,65,80,120,100,515,90,2.0,Grass,NULL,20,pu,2.04546,0.10529382433593794
Klawf,NULL,NULL,1.3,79.0,70,100,115,35,55,75,450,120,1.0,Water 3,NULL,35,pu,0.52939,0.0272513252178783
Scovillain,NULL,NULL,0.9,15.0,65,108,65,108,65,75,486,50,1.0,Grass,NULL,20,pu,0.31308,0.016116370938864668
Rabsca,NULL,NULL,0.3,3.5,75,50,85,115,100,45,470,45,0.0,Bug,NULL,20,pu,0.49334,0.02539558541596117
Flittle,NULL,NULL,0.2,1.5,30,35,30,55,30,75,255,120,2.0,Flying,NULL,20,pu,0.01138,0.0005858064853409877
Tinkatuff,NULL,NULL,0.7,59.1,65,55,55,45,82,78,380,90,2.0,Fairy,NULL,20,pu,0.43262,0.022269911626286252
Tinkaton,NULL,NULL,0.7,112.8,85,75,77,70,105,94,506,45,2.0,Fairy,NULL,20,uu,10.80159,3.4235874544110914
Wugtrio,NULL,NULL,1.2,5.4,35,100,50,50,70,120,425,50,1.0,Water 3,NULL,20,pu,0.23718,0.012209277551173896
Bombirdier,NULL,NULL,1.5,42.9,70,103,85,60,85,82,485,25,3.0,Flying,NULL,35,pu,6.8745,0.35387755280375544
Varoom,NULL,NULL,1.0,35.0,45,70,63,30,45,47,300,190,1.0,Mineral,NULL,20,pu,0.0019,9.780600500964464e-05
Revavroom,NULL,NULL,1.8,120.0,80,119,90,54,67,90,500,75,1.0,Mineral,NULL,20,uu,6.18454,3.2425285052223423
Cyclizar,NULL,NULL,1.6,63.0,70,95,65,85,65,121,501,190,2.0,Field,NULL,30,ru,18.78773,3.0
Orthworm,NULL,NULL,2.5,310.0,70,85,145,60,55,65,480,25,3.0,Field,NULL,35,pu,2.50655,0.1290292868020975
Glimmet,NULL,NULL,0.7,8.0,48,35,42,105,60,60,350,70,2.0,Mineral,NULL,30,pu,0.61478,0.03164693452944051
Glimmora,NULL,NULL,1.5,45.0,83,55,90,130,81,86,525,25,2.0,Mineral,NULL,30,ou,8.29092,4.308725782686333
Greavard,NULL,NULL,0.6,35.0,50,61,60,30,55,34,290,120,2.0,Field,NULL,20,pu,0.00379,0.00019509723766084918
Houndstone,NULL,NULL,2.0,15.0,72,101,100,50,97,68,488,60,2.0,Field,NULL,20,pu,0.08728,0.004492898818317732
Flamigo,NULL,NULL,1.6,37.0,82,115,74,75,64,90,500,100,2.0,Flying,NULL,20,nu,8.93626,1.4134265363034582
Cetoddle,NULL,NULL,1.2,45.0,108,68,45,30,40,43,334,150,2.0,Field,NULL,25,pu,0.0019,9.780600500964464e-05
Cetitan,NULL,NULL,4.5,700.0,170,113,65,45,55,73,521,50,2.0,Field,NULL,25,ru,0.96963,2.0516097496076466
Veluza,NULL,NULL,2.5,90.0,90,102,73,78,65,70,478,100,0.0,Water 2,NULL,20,pu,0.94683,0.048739818780278193
Dondozo,NULL,NULL,12.0,220.0,150,100,115,65,65,35,530,25,3.0,Water 2,NULL,40,ou,3.87156,4.144163782059341
Tatsugiri,Stretchy,NULL,0.3,8.0,68,50,60,120,95,82,475,100,2.0,Water 2,NULL,35,pu,12.38283,0.6374289894411636
Tatsugiri,Droppy,NULL,0.3,8.0,68,50,60,120,95,82,475,100,2.0,Water 2,NULL,35,pu,12.38283,0.6374289894411636
Tatsugiri,NULL,NULL,0.3,8.0,68,50,60,120,95,82,475,100,2.0,Water 2,NULL,35,pu,12.38283,0.6374289894411636
Clodsire,NULL,NULL,1.8,223.0,130,75,60,45,100,20,430,90,1.0,Water 1,Field,20,uu,9.2691,3.36349042745118
Farigiraf,NULL,NULL,3.2,160.0,120,90,70,110,70,60,520,45,1.0,Field,NULL,20,pu,1.33202,0.06856818785874698
Dudunsparce,NULL,NULL,3.6,39.2,125,100,80,85,75,55,520,45,1.0,Field,NULL,20,pu,5.53489,0.2849186773908782
Dudunsparce,Three-Segment,NULL,4.5,47.0,125,100,80,85,75,55,520,45,1.0,Field,NULL,20,pu,5.53489,0.2849186773908782
Kingambit,NULL,NULL,2.0,120.0,100,135,120,60,85,50,550,25,1.0,Human-Like,NULL,20,ou,18.09927,4.673955493736961
Great Tusk,NULL,NULL,2.2,320.0,115,131,131,53,53,87,570,30,3.0,No Eggs Discovered,NULL,50,ou,26.85529,5.0
Scream Tail,NULL,NULL,1.2,8.0,115,65,99,65,115,111,570,50,3.0,No Eggs Discovered,NULL,50,nu,6.8838,1.3184716572440978
Brute Bonnet,NULL,NULL,1.2,21.0,111,127,99,79,99,55,570,50,3.0,No Eggs Discovered,NULL,50,pu,3.46666,0.17845271675433377
Slither Wing,NULL,NULL,3.2,92.0,85,135,79,85,105,81,570,30,3.0,No Eggs Discovered,NULL,50,uu,5.42185,3.2126194137692714
Sandy Shocks,NULL,NULL,2.3,60.0,85,81,97,121,85,101,570,30,3.0,No Eggs Discovered,NULL,50,uu,7.84751,3.3077423542276887
Iron Treads,NULL,NULL,0.9,240.0,90,112,120,72,70,106,570,30,3.0,No Eggs Discovered,NULL,50,ou,8.87837,4.330600431565381
Iron Hands,NULL,NULL,1.8,380.7,154,140,108,50,68,50,570,50,3.0,No Eggs Discovered,NULL,50,ou,2.15397,4.0802065457681325
Iron Jugulis,NULL,NULL,1.3,111.0,94,80,86,122,80,108,570,30,3.0,No Eggs Discovered,NULL,50,uu,5.23266,3.205200258349614
Iron Moth,NULL,NULL,1.2,36.0,80,70,60,140,110,110,570,30,3.0,No Eggs Discovered,NULL,50,ou,7.18762,4.267642624886842
Iron Thorns,NULL,NULL,1.6,303.0,100,130,110,70,84,72,566,30,3.0,No Eggs Discovered,NULL,50,ru,1.8798,2.1000546652391465
Arctibax,NULL,NULL,0.8,30.0,90,95,66,45,65,62,423,25,3.0,Dragon,Mineral,40,pu,0.01518,0.000781418495360277
Gholdengo,NULL,NULL,1.2,30.0,87,60,95,133,97,84,556,45,3.0,No Eggs Discovered,NULL,50,ou,16.63948,4.619597886519981
Wo-Chien,NULL,Sub-Legendary,1.5,74.2,85,85,100,95,135,70,570,6,3.0,No Eggs Discovered,NULL,50,pu,0.20872,0.010744246781199947
Ting-Lu,NULL,Sub-Legendary,2.7,699.7,155,110,125,55,80,45,570,6,3.0,No Eggs Discovered,NULL,50,ou,8.53855,4.317946689416819
Iron Valiant,NULL,NULL,1.4,35.0,74,130,90,120,60,116,590,10,3.0,No Eggs Discovered,NULL,50,ou,13.35165,4.497170222585293
Walking Wake,NULL,NULL,3.5,280.0,99,83,91,125,83,109,590,5,3.0,No Eggs Discovered,NULL,50,ou,6.91208,4.257382435649784
Iron Leaves,NULL,NULL,1.5,125.0,90,130,88,70,108,104,590,5,3.0,No Eggs Discovered,NULL,50,uu,1.60485,3.062934656022523
Dipplin,NULL,NULL,0.4,4.4,80,80,110,95,80,40,485,45,,Grass,Dragon,20,pu,0.87283,0.04493053228451568
Sinistcha,Masterpiece,NULL,0.2,2.2,71,60,106,121,80,70,508,60,1.0,Mineral,Amorphous,20,uu,7.62748,3.2991138211807787
Sinistcha,NULL,NULL,0.2,2.2,71,60,106,121,80,70,508,60,1.0,Mineral,Amorphous,20,uu,7.62748,3.2991138211807787
Okidogi,NULL,Sub-Legendary,1.8,92.0,88,128,115,58,86,80,555,3,3.0,No Eggs Discovered,NULL,120,ou,0.86437,4.032186210085493
Munkidori,NULL,Sub-Legendary,1.0,12.2,86,75,66,130,90,106,553,3,3.0,No Eggs Discovered,NULL,120,nu,11.21492,1.5188462995463596
Fezandipiti,NULL,Sub-Legendary,1.4,30.1,88,91,82,70,125,99,555,3,3.0,No Eggs Discovered,NULL,120,uu,9.77084,3.383166286198117
Ogerpon,Hearthflame Mask,Sub-Legendary,1.2,39.8,80,120,84,60,96,110,550,5,3.0,No Eggs Discovered,NULL,10,uu,5.35009,3.209805317783489
Ogerpon,NULL,Sub-Legendary,1.2,39.8,80,120,84,60,96,110,550,5,3.0,No Eggs Discovered,NULL,10,uu,5.35009,3.209805317783489
Ogerpon,Wellspring Mask,Sub-Legendary,1.2,39.8,80,120,84,60,96,110,550,5,3.0,No Eggs Discovered,NULL,10,uu,5.35009,3.209805317783489
Ogerpon,Cornerstone Mask,Sub-Legendary,1.2,39.8,80,120,84,60,96,110,550,5,3.0,No Eggs Discovered,NULL,10,uu,5.35009,3.209805317783489
Hydrapple,NULL,NULL,1.8,93.0,106,80,110,120,80,44,540,10,,Grass,Dragon,20,uu,11.50853,3.4513102977827113
Raging Bolt,NULL,NULL,5.2,480.0,125,73,91,137,89,75,590,10,3.0,No Eggs Discovered,NULL,50,ou,11.14059,4.414837819229759
Iron Boulder,NULL,NULL,1.5,162.5,90,120,80,68,108,124,590,10,3.0,No Eggs Discovered,NULL,50,ou,1.24166,4.046235211904113
Iron Crown,NULL,NULL,1.6,156.0,90,72,100,122,108,98,590,10,3.0,No Eggs Discovered,NULL,50,ou,4.3182,4.1607951430925745
Pecharunt,NULL,Mythical,0.3,0.3,88,88,160,88,88,88,600,3,3.0,No Eggs Discovered,NULL,0,ou,6.93994,4.258419853797319
